Year,State,County,Commodity,Data Item,Value
2015,MISSOURI,BOONE,CORN,CORN - ACRES PLANTED,"20,400"
2014,MISSOURI,BOONE,CORN,CORN - ACRES PLANTED,"23,000"
2013,MISSOURI,BOONE,CORN,CORN - ACRES PLANTED,"20,200"
2012,MISSOURI,BOONE,CORN,CORN - ACRES PLANTED,"27,000"
2011,MISSOURI,BOONE,CORN,CORN - ACRES PLANTED,"22,300"
2010,MISSOURI,BOONE,CORN,CORN - ACRES PLANTED,"25,700"
2009,MISSOURI,BOONE,CORN,CORN - ACRES PLANTED,"22,300"
2008,MISSOURI,BOONE,CORN,CORN - ACRES PLANTED,"20,800"
2007,MISSOURI,BOONE,CORN,CORN - ACRES PLANTED,"27,000"
2006,MISSOURI,BOONE,CORN,CORN - ACRES PLANTED,"20,100"
2005,MISSOURI,BOONE,CORN,CORN - ACRES PLANTED,"25,000"
2016,MISSOURI,BOONE,WHEAT,"WHEAT, WINTER - ACRES PLANTED","8,800"
2015,MISSOURI,BOONE,WHEAT,"WHEAT, WINTER - ACRES PLANTED","7,800"
2014,MISSOURI,BOONE,WHEAT,"WHEAT, WINTER - ACRES PLANTED","8,700"
2013,MISSOURI,BOONE,WHEAT,"WHEAT, WINTER - ACRES PLANTED","9,700"
2012,MISSOURI,BOONE,WHEAT,"WHEAT, WINTER - ACRES PLANTED","6,800"
2011,MISSOURI,BOONE,WHEAT,"WHEAT, WINTER - ACRES PLANTED","7,800"
2010,MISSOURI,BOONE,WHEAT,"WHEAT, WINTER - ACRES PLANTED","2,700"
2009,MISSOURI,BOONE,WHEAT,"WHEAT, WINTER - ACRES PLANTED","7,500"
2008,MISSOURI,BOONE,WHEAT,"WHEAT, WINTER - ACRES PLANTED","12,700"
2007,MISSOURI,BOONE,WHEAT,"WHEAT, WINTER - ACRES PLANTED","11,100"
2006,MISSOURI,BOONE,WHEAT,"WHEAT, WINTER - ACRES PLANTED","10,100"
2005,MISSOURI,BOONE,WHEAT,"WHEAT, WINTER - ACRES PLANTED","5,300"
2015,SOUTH DAKOTA,BROOKINGS,CORN,CORN - ACRES PLANTED,"139,500"
2014,SOUTH DAKOTA,BROOKINGS,CORN,CORN - ACRES PLANTED,"142,000"
2013,SOUTH DAKOTA,BROOKINGS,CORN,CORN - ACRES PLANTED,"148,000"
2012,SOUTH DAKOTA,BROOKINGS,CORN,CORN - ACRES PLANTED,"152,500"
2011,SOUTH DAKOTA,BROOKINGS,CORN,CORN - ACRES PLANTED,"134,500"
2010,SOUTH DAKOTA,BROOKINGS,CORN,CORN - ACRES PLANTED,"137,500"
2009,SOUTH DAKOTA,BROOKINGS,CORN,CORN - ACRES PLANTED,"138,200"
2008,SOUTH DAKOTA,BROOKINGS,CORN,CORN - ACRES PLANTED,"131,000"
2007,SOUTH DAKOTA,BROOKINGS,CORN,CORN - ACRES PLANTED,"143,000"
2006,SOUTH DAKOTA,BROOKINGS,CORN,CORN - ACRES PLANTED,"127,000"
2005,SOUTH DAKOTA,BROOKINGS,CORN,CORN - ACRES PLANTED,"127,000"
2014,SOUTH DAKOTA,BROOKINGS,OATS,OATS - ACRES PLANTED,"4,900"
2013,SOUTH DAKOTA,BROOKINGS,OATS,OATS - ACRES PLANTED,"4,000"
2012,SOUTH DAKOTA,BROOKINGS,OATS,OATS - ACRES PLANTED,"3,000"
2010,SOUTH DAKOTA,BROOKINGS,OATS,OATS - ACRES PLANTED,"3,900"
2009,SOUTH DAKOTA,BROOKINGS,OATS,OATS - ACRES PLANTED,"3,500"
2008,SOUTH DAKOTA,BROOKINGS,OATS,OATS - ACRES PLANTED,"3,300"
2007,SOUTH DAKOTA,BROOKINGS,OATS,OATS - ACRES PLANTED,"5,700"
2006,SOUTH DAKOTA,BROOKINGS,OATS,OATS - ACRES PLANTED,"4,200"
2005,SOUTH DAKOTA,BROOKINGS,OATS,OATS - ACRES PLANTED,"5,500"
2015,SOUTH DAKOTA,BROOKINGS,WHEAT,"WHEAT, SPRING, (EXCL DURUM) - ACRES PLANTED","5,900"
2012,SOUTH DAKOTA,BROOKINGS,WHEAT,"WHEAT, SPRING, (EXCL DURUM) - ACRES PLANTED","5,900"
2010,SOUTH DAKOTA,BROOKINGS,WHEAT,"WHEAT, SPRING, (EXCL DURUM) - ACRES PLANTED","10,300"
2009,SOUTH DAKOTA,BROOKINGS,WHEAT,"WHEAT, SPRING, (EXCL DURUM) - ACRES PLANTED","15,500"
2007,SOUTH DAKOTA,BROOKINGS,WHEAT,"WHEAT, SPRING, (EXCL DURUM) - ACRES PLANTED","9,400"
2006,SOUTH DAKOTA,BROOKINGS,WHEAT,"WHEAT, SPRING, (EXCL DURUM) - ACRES PLANTED","13,200"
2005,SOUTH DAKOTA,BROOKINGS,WHEAT,"WHEAT, SPRING, (EXCL DURUM) - ACRES PLANTED","13,800"
2015,SOUTH DAKOTA,BROOKINGS,WHEAT,"WHEAT, WINTER - ACRES PLANTED",500
2014,SOUTH DAKOTA,BROOKINGS,WHEAT,"WHEAT, WINTER - ACRES PLANTED","1,200"
2011,SOUTH DAKOTA,BROOKINGS,WHEAT,"WHEAT, WINTER - ACRES PLANTED",800
2009,SOUTH DAKOTA,BROOKINGS,WHEAT,"WHEAT, WINTER - ACRES PLANTED","3,100"
2007,SOUTH DAKOTA,BROOKINGS,WHEAT,"WHEAT, WINTER - ACRES PLANTED","4,000"
2006,SOUTH DAKOTA,BROOKINGS,WHEAT,"WHEAT, WINTER - ACRES PLANTED","2,500"
2005,SOUTH DAKOTA,BROOKINGS,WHEAT,"WHEAT, WINTER - ACRES PLANTED","2,500"
2015,KENTUCKY,CALDWELL,CORN,CORN - ACRES PLANTED,"33,400"
2014,KENTUCKY,CALDWELL,CORN,CORN - ACRES PLANTED,"32,300"
2013,KENTUCKY,CALDWELL,CORN,CORN - ACRES PLANTED,"32,000"
2012,KENTUCKY,CALDWELL,CORN,CORN - ACRES PLANTED,"32,300"
2011,KENTUCKY,CALDWELL,CORN,CORN - ACRES PLANTED,"30,000"
2010,KENTUCKY,CALDWELL,CORN,CORN - ACRES PLANTED,"24,500"
2009,KENTUCKY,CALDWELL,CORN,CORN - ACRES PLANTED,"31,000"
2008,KENTUCKY,CALDWELL,CORN,CORN - ACRES PLANTED,"19,500"
2007,KENTUCKY,CALDWELL,CORN,CORN - ACRES PLANTED,"26,300"
2006,KENTUCKY,CALDWELL,CORN,CORN - ACRES PLANTED,"19,700"
2005,KENTUCKY,CALDWELL,CORN,CORN - ACRES PLANTED,"22,400"
2016,KENTUCKY,CALDWELL,WHEAT,"WHEAT, WINTER - ACRES PLANTED","20,100"
2015,KENTUCKY,CALDWELL,WHEAT,"WHEAT, WINTER - ACRES PLANTED","16,500"
2014,KENTUCKY,CALDWELL,WHEAT,"WHEAT, WINTER - ACRES PLANTED","23,800"
2013,KENTUCKY,CALDWELL,WHEAT,"WHEAT, WINTER - ACRES PLANTED","19,500"
2012,KENTUCKY,CALDWELL,WHEAT,"WHEAT, WINTER - ACRES PLANTED","17,500"
2011,KENTUCKY,CALDWELL,WHEAT,"WHEAT, WINTER - ACRES PLANTED","11,500"
2010,KENTUCKY,CALDWELL,WHEAT,"WHEAT, WINTER - ACRES PLANTED","9,900"
2009,KENTUCKY,CALDWELL,WHEAT,"WHEAT, WINTER - ACRES PLANTED","13,200"
2008,KENTUCKY,CALDWELL,WHEAT,"WHEAT, WINTER - ACRES PLANTED","15,000"
2007,KENTUCKY,CALDWELL,WHEAT,"WHEAT, WINTER - ACRES PLANTED","8,500"
2006,KENTUCKY,CALDWELL,WHEAT,"WHEAT, WINTER - ACRES PLANTED","10,200"
2005,KENTUCKY,CALDWELL,WHEAT,"WHEAT, WINTER - ACRES PLANTED","8,700"
2015,ILLINOIS,CHAMPAIGN,CORN,CORN - ACRES PLANTED,"283,000"
2014,ILLINOIS,CHAMPAIGN,CORN,CORN - ACRES PLANTED,"279,000"
2013,ILLINOIS,CHAMPAIGN,CORN,CORN - ACRES PLANTED,"291,000"
2012,ILLINOIS,CHAMPAIGN,CORN,CORN - ACRES PLANTED,"292,500"
2011,ILLINOIS,CHAMPAIGN,CORN,CORN - ACRES PLANTED,"306,500"
2010,ILLINOIS,CHAMPAIGN,CORN,CORN - ACRES PLANTED,"292,000"
2009,ILLINOIS,CHAMPAIGN,CORN,CORN - ACRES PLANTED,"305,000"
2008,ILLINOIS,CHAMPAIGN,CORN,CORN - ACRES PLANTED,"285,000"
2007,ILLINOIS,CHAMPAIGN,CORN,CORN - ACRES PLANTED,"319,000"
2006,ILLINOIS,CHAMPAIGN,CORN,CORN - ACRES PLANTED,"280,000"
2005,ILLINOIS,CHAMPAIGN,CORN,CORN - ACRES PLANTED,"292,000"
2016,ILLINOIS,CHAMPAIGN,WHEAT,"WHEAT, WINTER - ACRES PLANTED","2,200"
2015,ILLINOIS,CHAMPAIGN,WHEAT,"WHEAT, WINTER - ACRES PLANTED","2,700"
2014,ILLINOIS,CHAMPAIGN,WHEAT,"WHEAT, WINTER - ACRES PLANTED","2,500"
2009,ILLINOIS,CHAMPAIGN,WHEAT,"WHEAT, WINTER - ACRES PLANTED","3,800"
2007,ILLINOIS,CHAMPAIGN,WHEAT,"WHEAT, WINTER - ACRES PLANTED","5,200"
2006,ILLINOIS,CHAMPAIGN,WHEAT,"WHEAT, WINTER - ACRES PLANTED","3,800"
2005,ILLINOIS,CHAMPAIGN,WHEAT,"WHEAT, WINTER - ACRES PLANTED","2,900"
2015,MINNESOTA,DAKOTA,CORN,CORN - ACRES PLANTED,"89,000"
2014,MINNESOTA,DAKOTA,CORN,CORN - ACRES PLANTED,"94,200"
2013,MINNESOTA,DAKOTA,CORN,CORN - ACRES PLANTED,"83,500"
2012,MINNESOTA,DAKOTA,CORN,CORN - ACRES PLANTED,"92,200"
2011,MINNESOTA,DAKOTA,CORN,CORN - ACRES PLANTED,"88,100"
2010,MINNESOTA,DAKOTA,CORN,CORN - ACRES PLANTED,"86,000"
2009,MINNESOTA,DAKOTA,CORN,CORN - ACRES PLANTED,"83,000"
2008,MINNESOTA,DAKOTA,CORN,CORN - ACRES PLANTED,"91,100"
2007,MINNESOTA,DAKOTA,CORN,CORN - ACRES PLANTED,"103,500"
2006,MINNESOTA,DAKOTA,CORN,CORN - ACRES PLANTED,"89,400"
2005,MINNESOTA,DAKOTA,CORN,CORN - ACRES PLANTED,"91,000"
2016,MINNESOTA,DAKOTA,OATS,OATS - ACRES PLANTED,900
2015,MINNESOTA,DAKOTA,OATS,OATS - ACRES PLANTED,"1,300"
2013,MINNESOTA,DAKOTA,OATS,OATS - ACRES PLANTED,"2,000"
2008,MINNESOTA,DAKOTA,OATS,OATS - ACRES PLANTED,"1,100"
2007,MINNESOTA,DAKOTA,OATS,OATS - ACRES PLANTED,"1,700"
2006,MINNESOTA,DAKOTA,OATS,OATS - ACRES PLANTED,"1,400"
2005,MINNESOTA,DAKOTA,OATS,OATS - ACRES PLANTED,"1,900"
2015,ILLINOIS,DE KALB,CORN,CORN - ACRES PLANTED,"222,500"
2014,ILLINOIS,DE KALB,CORN,CORN - ACRES PLANTED,"222,500"
2013,ILLINOIS,DE KALB,CORN,CORN - ACRES PLANTED,"240,000"
2012,ILLINOIS,DE KALB,CORN,CORN - ACRES PLANTED,"233,500"
2011,ILLINOIS,DE KALB,CORN,CORN - ACRES PLANTED,"245,000"
2010,ILLINOIS,DE KALB,CORN,CORN - ACRES PLANTED,"229,000"
2009,ILLINOIS,DE KALB,CORN,CORN - ACRES PLANTED,"228,000"
2008,ILLINOIS,DE KALB,CORN,CORN - ACRES PLANTED,"233,000"
2007,ILLINOIS,DE KALB,CORN,CORN - ACRES PLANTED,"248,000"
2006,ILLINOIS,DE KALB,CORN,CORN - ACRES PLANTED,"211,000"
2005,ILLINOIS,DE KALB,CORN,CORN - ACRES PLANTED,"217,000"
2016,ILLINOIS,DE KALB,OATS,OATS - ACRES PLANTED,"3,400"
2014,ILLINOIS,DE KALB,OATS,OATS - ACRES PLANTED,"2,000"
2012,ILLINOIS,DE KALB,OATS,OATS - ACRES PLANTED,900
2011,ILLINOIS,DE KALB,OATS,OATS - ACRES PLANTED,"1,000"
2010,ILLINOIS,DE KALB,OATS,OATS - ACRES PLANTED,"1,900"
2007,ILLINOIS,DE KALB,OATS,OATS - ACRES PLANTED,"1,400"
2006,ILLINOIS,DE KALB,OATS,OATS - ACRES PLANTED,"2,300"
2005,ILLINOIS,DE KALB,OATS,OATS - ACRES PLANTED,"2,500"
2016,ILLINOIS,DE KALB,WHEAT,"WHEAT, WINTER - ACRES PLANTED","3,500"
2015,ILLINOIS,DE KALB,WHEAT,"WHEAT, WINTER - ACRES PLANTED","5,500"
2014,ILLINOIS,DE KALB,WHEAT,"WHEAT, WINTER - ACRES PLANTED","4,800"
2013,ILLINOIS,DE KALB,WHEAT,"WHEAT, WINTER - ACRES PLANTED","6,300"
2012,ILLINOIS,DE KALB,WHEAT,"WHEAT, WINTER - ACRES PLANTED","5,400"
2011,ILLINOIS,DE KALB,WHEAT,"WHEAT, WINTER - ACRES PLANTED","5,700"
2010,ILLINOIS,DE KALB,WHEAT,"WHEAT, WINTER - ACRES PLANTED","2,600"
2009,ILLINOIS,DE KALB,WHEAT,"WHEAT, WINTER - ACRES PLANTED","5,400"
2008,ILLINOIS,DE KALB,WHEAT,"WHEAT, WINTER - ACRES PLANTED","5,600"
2007,ILLINOIS,DE KALB,WHEAT,"WHEAT, WINTER - ACRES PLANTED","6,700"
2006,ILLINOIS,DE KALB,WHEAT,"WHEAT, WINTER - ACRES PLANTED","6,100"
2005,ILLINOIS,DE KALB,WHEAT,"WHEAT, WINTER - ACRES PLANTED","3,500"
2008,WISCONSIN,EAU CLAIRE,BARLEY,BARLEY - ACRES PLANTED,600
2015,WISCONSIN,EAU CLAIRE,CORN,CORN - ACRES PLANTED,"47,900"
2014,WISCONSIN,EAU CLAIRE,CORN,CORN - ACRES PLANTED,"48,200"
2013,WISCONSIN,EAU CLAIRE,CORN,CORN - ACRES PLANTED,"44,000"
2012,WISCONSIN,EAU CLAIRE,CORN,CORN - ACRES PLANTED,"49,500"
2011,WISCONSIN,EAU CLAIRE,CORN,CORN - ACRES PLANTED,"46,000"
2010,WISCONSIN,EAU CLAIRE,CORN,CORN - ACRES PLANTED,"41,500"
2009,WISCONSIN,EAU CLAIRE,CORN,CORN - ACRES PLANTED,"43,000"
2008,WISCONSIN,EAU CLAIRE,CORN,CORN - ACRES PLANTED,"43,500"
2007,WISCONSIN,EAU CLAIRE,CORN,CORN - ACRES PLANTED,"45,000"
2006,WISCONSIN,EAU CLAIRE,CORN,CORN - ACRES PLANTED,"40,000"
2005,WISCONSIN,EAU CLAIRE,CORN,CORN - ACRES PLANTED,"41,500"
2016,WISCONSIN,EAU CLAIRE,OATS,OATS - ACRES PLANTED,"2,800"
2015,WISCONSIN,EAU CLAIRE,OATS,OATS - ACRES PLANTED,"4,100"
2014,WISCONSIN,EAU CLAIRE,OATS,OATS - ACRES PLANTED,"5,400"
2012,WISCONSIN,EAU CLAIRE,OATS,OATS - ACRES PLANTED,"2,800"
2010,WISCONSIN,EAU CLAIRE,OATS,OATS - ACRES PLANTED,"5,500"
2009,WISCONSIN,EAU CLAIRE,OATS,OATS - ACRES PLANTED,"5,400"
2007,WISCONSIN,EAU CLAIRE,OATS,OATS - ACRES PLANTED,"5,600"
2006,WISCONSIN,EAU CLAIRE,OATS,OATS - ACRES PLANTED,"6,100"
2005,WISCONSIN,EAU CLAIRE,OATS,OATS - ACRES PLANTED,"6,900"
2014,WISCONSIN,EAU CLAIRE,WHEAT,"WHEAT, WINTER - ACRES PLANTED",700
2013,WISCONSIN,EAU CLAIRE,WHEAT,"WHEAT, WINTER - ACRES PLANTED",500
2015,ILLINOIS,FAYETTE,CORN,CORN - ACRES PLANTED,"114,000"
2015,KENTUCKY,FAYETTE,CORN,CORN - ACRES PLANTED,"3,100"
2014,ILLINOIS,FAYETTE,CORN,CORN - ACRES PLANTED,"121,500"
2014,KENTUCKY,FAYETTE,CORN,CORN - ACRES PLANTED,"2,900"
2013,ILLINOIS,FAYETTE,CORN,CORN - ACRES PLANTED,"109,000"
2013,KENTUCKY,FAYETTE,CORN,CORN - ACRES PLANTED,"4,300"
2012,ILLINOIS,FAYETTE,CORN,CORN - ACRES PLANTED,"133,000"
2012,KENTUCKY,FAYETTE,CORN,CORN - ACRES PLANTED,"4,700"
2011,ILLINOIS,FAYETTE,CORN,CORN - ACRES PLANTED,"115,500"
2011,KENTUCKY,FAYETTE,CORN,CORN - ACRES PLANTED,"3,900"
2010,ILLINOIS,FAYETTE,CORN,CORN - ACRES PLANTED,"133,000"
2010,KENTUCKY,FAYETTE,CORN,CORN - ACRES PLANTED,"2,300"
2009,ILLINOIS,FAYETTE,CORN,CORN - ACRES PLANTED,"81,000"
2009,KENTUCKY,FAYETTE,CORN,CORN - ACRES PLANTED,"2,200"
2008,ILLINOIS,FAYETTE,CORN,CORN - ACRES PLANTED,"100,000"
2008,KENTUCKY,FAYETTE,CORN,CORN - ACRES PLANTED,"2,900"
2007,ILLINOIS,FAYETTE,CORN,CORN - ACRES PLANTED,"119,000"
2007,KENTUCKY,FAYETTE,CORN,CORN - ACRES PLANTED,"3,600"
2006,ILLINOIS,FAYETTE,CORN,CORN - ACRES PLANTED,"105,000"
2006,KENTUCKY,FAYETTE,CORN,CORN - ACRES PLANTED,"2,100"
2005,ILLINOIS,FAYETTE,CORN,CORN - ACRES PLANTED,"115,000"
2005,KENTUCKY,FAYETTE,CORN,CORN - ACRES PLANTED,"2,650"
2016,KENTUCKY,FAYETTE,WHEAT,"WHEAT, WINTER - ACRES PLANTED",900
2015,KENTUCKY,FAYETTE,WHEAT,"WHEAT, WINTER - ACRES PLANTED","1,100"
2013,KENTUCKY,FAYETTE,WHEAT,"WHEAT, WINTER - ACRES PLANTED","1,300"
2012,KENTUCKY,FAYETTE,WHEAT,"WHEAT, WINTER - ACRES PLANTED","1,100"
2011,KENTUCKY,FAYETTE,WHEAT,"WHEAT, WINTER - ACRES PLANTED","1,100"
2010,KENTUCKY,FAYETTE,WHEAT,"WHEAT, WINTER - ACRES PLANTED","1,000"
2009,ILLINOIS,FAYETTE,WHEAT,"WHEAT, WINTER - ACRES PLANTED","22,800"
2009,KENTUCKY,FAYETTE,WHEAT,"WHEAT, WINTER - ACRES PLANTED","1,200"
2008,ILLINOIS,FAYETTE,WHEAT,"WHEAT, WINTER - ACRES PLANTED","30,500"
2008,KENTUCKY,FAYETTE,WHEAT,"WHEAT, WINTER - ACRES PLANTED","1,400"
2007,ILLINOIS,FAYETTE,WHEAT,"WHEAT, WINTER - ACRES PLANTED","26,000"
2006,ILLINOIS,FAYETTE,WHEAT,"WHEAT, WINTER - ACRES PLANTED","22,100"
2006,KENTUCKY,FAYETTE,WHEAT,"WHEAT, WINTER - ACRES PLANTED","1,300"
2005,ILLINOIS,FAYETTE,WHEAT,"WHEAT, WINTER - ACRES PLANTED","18,300"
2015,IOWA,FLOYD,CORN,CORN - ACRES PLANTED,"139,500"
2014,IOWA,FLOYD,CORN,CORN - ACRES PLANTED,"150,000"
2013,IOWA,FLOYD,CORN,CORN - ACRES PLANTED,"128,500"
2012,IOWA,FLOYD,CORN,CORN - ACRES PLANTED,"152,000"
2011,IOWA,FLOYD,CORN,CORN - ACRES PLANTED,"150,500"
2010,IOWA,FLOYD,CORN,CORN - ACRES PLANTED,"148,000"
2009,IOWA,FLOYD,CORN,CORN - ACRES PLANTED,"145,500"
2008,IOWA,FLOYD,CORN,CORN - ACRES PLANTED,"147,000"
2007,IOWA,FLOYD,CORN,CORN - ACRES PLANTED,"160,500"
2006,IOWA,FLOYD,CORN,CORN - ACRES PLANTED,"137,000"
2005,IOWA,FLOYD,CORN,CORN - ACRES PLANTED,"140,000"
2014,IOWA,FLOYD,OATS,OATS - ACRES PLANTED,"1,000"
2011,IOWA,FLOYD,OATS,OATS - ACRES PLANTED,600
2010,IOWA,FLOYD,OATS,OATS - ACRES PLANTED,"1,000"
2009,IOWA,FLOYD,OATS,OATS - ACRES PLANTED,"1,400"
2008,IOWA,FLOYD,OATS,OATS - ACRES PLANTED,900
2007,IOWA,FLOYD,OATS,OATS - ACRES PLANTED,900
2006,IOWA,FLOYD,OATS,OATS - ACRES PLANTED,"1,200"
2005,IOWA,FLOYD,OATS,OATS - ACRES PLANTED,"1,400"
2008,WISCONSIN,GRANT,BARLEY,BARLEY - ACRES PLANTED,700
2006,WISCONSIN,GRANT,BARLEY,BARLEY - ACRES PLANTED,"1,100"
2005,WISCONSIN,GRANT,BARLEY,BARLEY - ACRES PLANTED,"1,100"
2015,WISCONSIN,GRANT,CORN,CORN - ACRES PLANTED,"167,000"
2014,WISCONSIN,GRANT,CORN,CORN - ACRES PLANTED,"166,000"
2013,WISCONSIN,GRANT,CORN,CORN - ACRES PLANTED,"174,000"
2012,WISCONSIN,GRANT,CORN,CORN - ACRES PLANTED,"182,000"
2011,WISCONSIN,GRANT,CORN,CORN - ACRES PLANTED,"176,000"
2010,WISCONSIN,GRANT,CORN,CORN - ACRES PLANTED,"159,000"
2009,WISCONSIN,GRANT,CORN,CORN - ACRES PLANTED,"161,000"
2008,WISCONSIN,GRANT,CORN,CORN - ACRES PLANTED,"157,000"
2007,WISCONSIN,GRANT,CORN,CORN - ACRES PLANTED,"159,000"
2006,WISCONSIN,GRANT,CORN,CORN - ACRES PLANTED,"143,000"
2005,WISCONSIN,GRANT,CORN,CORN - ACRES PLANTED,"149,000"
2016,WISCONSIN,GRANT,OATS,OATS - ACRES PLANTED,"13,400"
2015,WISCONSIN,GRANT,OATS,OATS - ACRES PLANTED,"14,300"
2014,WISCONSIN,GRANT,OATS,OATS - ACRES PLANTED,"14,500"
2013,WISCONSIN,GRANT,OATS,OATS - ACRES PLANTED,"16,500"
2012,WISCONSIN,GRANT,OATS,OATS - ACRES PLANTED,"13,300"
2011,WISCONSIN,GRANT,OATS,OATS - ACRES PLANTED,"12,500"
2010,WISCONSIN,GRANT,OATS,OATS - ACRES PLANTED,"18,300"
2009,WISCONSIN,GRANT,OATS,OATS - ACRES PLANTED,"19,000"
2008,WISCONSIN,GRANT,OATS,OATS - ACRES PLANTED,"17,200"
2007,WISCONSIN,GRANT,OATS,OATS - ACRES PLANTED,"13,700"
2006,WISCONSIN,GRANT,OATS,OATS - ACRES PLANTED,"18,100"
2005,WISCONSIN,GRANT,OATS,OATS - ACRES PLANTED,"18,400"
2014,WISCONSIN,GRANT,WHEAT,"WHEAT, WINTER - ACRES PLANTED","5,000"
2013,WISCONSIN,GRANT,WHEAT,"WHEAT, WINTER - ACRES PLANTED","4,200"
2012,WISCONSIN,GRANT,WHEAT,"WHEAT, WINTER - ACRES PLANTED","1,800"
2011,WISCONSIN,GRANT,WHEAT,"WHEAT, WINTER - ACRES PLANTED","2,200"
2010,WISCONSIN,GRANT,WHEAT,"WHEAT, WINTER - ACRES PLANTED","1,700"
2009,WISCONSIN,GRANT,WHEAT,"WHEAT, WINTER - ACRES PLANTED","2,200"
2007,WISCONSIN,GRANT,WHEAT,"WHEAT, WINTER - ACRES PLANTED","1,600"
2006,WISCONSIN,GRANT,WHEAT,"WHEAT, WINTER - ACRES PLANTED","1,700"
2005,WISCONSIN,GRANT,WHEAT,"WHEAT, WINTER - ACRES PLANTED",700
2015,ILLINOIS,GRUNDY,CORN,CORN - ACRES PLANTED,"106,000"
2014,ILLINOIS,GRUNDY,CORN,CORN - ACRES PLANTED,"105,000"
2013,ILLINOIS,GRUNDY,CORN,CORN - ACRES PLANTED,"112,000"
2012,ILLINOIS,GRUNDY,CORN,CORN - ACRES PLANTED,"114,500"
2011,ILLINOIS,GRUNDY,CORN,CORN - ACRES PLANTED,"118,000"
2010,ILLINOIS,GRUNDY,CORN,CORN - ACRES PLANTED,"111,000"
2009,ILLINOIS,GRUNDY,CORN,CORN - ACRES PLANTED,"112,000"
2008,ILLINOIS,GRUNDY,CORN,CORN - ACRES PLANTED,"124,000"
2007,ILLINOIS,GRUNDY,CORN,CORN - ACRES PLANTED,"130,000"
2006,ILLINOIS,GRUNDY,CORN,CORN - ACRES PLANTED,"111,000"
2005,ILLINOIS,GRUNDY,CORN,CORN - ACRES PLANTED,"117,000"
2015,ILLINOIS,GRUNDY,WHEAT,"WHEAT, WINTER - ACRES PLANTED",600
2014,ILLINOIS,GRUNDY,WHEAT,"WHEAT, WINTER - ACRES PLANTED","1,400"
2009,ILLINOIS,GRUNDY,WHEAT,"WHEAT, WINTER - ACRES PLANTED","1,100"
2008,ILLINOIS,GRUNDY,WHEAT,"WHEAT, WINTER - ACRES PLANTED","1,200"
2007,ILLINOIS,GRUNDY,WHEAT,"WHEAT, WINTER - ACRES PLANTED","1,500"
2015,MICHIGAN,INGHAM,CORN,CORN - ACRES PLANTED,"52,000"
2014,MICHIGAN,INGHAM,CORN,CORN - ACRES PLANTED,"57,000"
2013,MICHIGAN,INGHAM,CORN,CORN - ACRES PLANTED,"56,000"
2012,MICHIGAN,INGHAM,CORN,CORN - ACRES PLANTED,"61,000"
2011,MICHIGAN,INGHAM,CORN,CORN - ACRES PLANTED,"56,000"
2010,MICHIGAN,INGHAM,CORN,CORN - ACRES PLANTED,"52,000"
2009,MICHIGAN,INGHAM,CORN,CORN - ACRES PLANTED,"50,000"
2008,MICHIGAN,INGHAM,CORN,CORN - ACRES PLANTED,"48,000"
2007,MICHIGAN,INGHAM,CORN,CORN - ACRES PLANTED,"58,000"
2006,MICHIGAN,INGHAM,CORN,CORN - ACRES PLANTED,"49,000"
2005,MICHIGAN,INGHAM,CORN,CORN - ACRES PLANTED,"49,000"
2016,MICHIGAN,INGHAM,OATS,OATS - ACRES PLANTED,500
2016,MICHIGAN,INGHAM,WHEAT,"WHEAT, WINTER - ACRES PLANTED","14,800"
2015,MICHIGAN,INGHAM,WHEAT,"WHEAT, WINTER - ACRES PLANTED","13,600"
2014,MICHIGAN,INGHAM,WHEAT,"WHEAT, WINTER - ACRES PLANTED","16,500"
2013,MICHIGAN,INGHAM,WHEAT,"WHEAT, WINTER - ACRES PLANTED","17,200"
2012,MICHIGAN,INGHAM,WHEAT,"WHEAT, WINTER - ACRES PLANTED","16,500"
2011,MICHIGAN,INGHAM,WHEAT,"WHEAT, WINTER - ACRES PLANTED","19,000"
2010,MICHIGAN,INGHAM,WHEAT,"WHEAT, WINTER - ACRES PLANTED","17,400"
2009,MICHIGAN,INGHAM,WHEAT,"WHEAT, WINTER - ACRES PLANTED","18,900"
2008,MICHIGAN,INGHAM,WHEAT,"WHEAT, WINTER - ACRES PLANTED","20,700"
2007,MICHIGAN,INGHAM,WHEAT,"WHEAT, WINTER - ACRES PLANTED","17,500"
2006,MICHIGAN,INGHAM,WHEAT,"WHEAT, WINTER - ACRES PLANTED","18,700"
2005,MICHIGAN,INGHAM,WHEAT,"WHEAT, WINTER - ACRES PLANTED","19,200"
2015,INDIANA,JENNINGS,CORN,CORN - ACRES PLANTED,"38,500"
2014,INDIANA,JENNINGS,CORN,CORN - ACRES PLANTED,"38,500"
2013,INDIANA,JENNINGS,CORN,CORN - ACRES PLANTED,"45,000"
2012,INDIANA,JENNINGS,CORN,CORN - ACRES PLANTED,"41,000"
2011,INDIANA,JENNINGS,CORN,CORN - ACRES PLANTED,"44,800"
2010,INDIANA,JENNINGS,CORN,CORN - ACRES PLANTED,"42,000"
2009,INDIANA,JENNINGS,CORN,CORN - ACRES PLANTED,"42,000"
2008,INDIANA,JENNINGS,CORN,CORN - ACRES PLANTED,"37,800"
2007,INDIANA,JENNINGS,CORN,CORN - ACRES PLANTED,"45,600"
2006,INDIANA,JENNINGS,CORN,CORN - ACRES PLANTED,"34,200"
2005,INDIANA,JENNINGS,CORN,CORN - ACRES PLANTED,"41,000"
2016,INDIANA,JENNINGS,WHEAT,"WHEAT, WINTER - ACRES PLANTED","4,200"
2015,INDIANA,JENNINGS,WHEAT,"WHEAT, WINTER - ACRES PLANTED","3,300"
2014,INDIANA,JENNINGS,WHEAT,"WHEAT, WINTER - ACRES PLANTED","2,100"
2012,INDIANA,JENNINGS,WHEAT,"WHEAT, WINTER - ACRES PLANTED","2,000"
2011,INDIANA,JENNINGS,WHEAT,"WHEAT, WINTER - ACRES PLANTED","1,100"
2010,INDIANA,JENNINGS,WHEAT,"WHEAT, WINTER - ACRES PLANTED",600
2009,INDIANA,JENNINGS,WHEAT,"WHEAT, WINTER - ACRES PLANTED","1,900"
2008,INDIANA,JENNINGS,WHEAT,"WHEAT, WINTER - ACRES PLANTED","3,000"
2007,INDIANA,JENNINGS,WHEAT,"WHEAT, WINTER - ACRES PLANTED",900
2006,INDIANA,JENNINGS,WHEAT,"WHEAT, WINTER - ACRES PLANTED","2,800"
2005,INDIANA,JENNINGS,WHEAT,"WHEAT, WINTER - ACRES PLANTED","2,200"
2015,MICHIGAN,KALAMAZOO,CORN,CORN - ACRES PLANTED,"57,000"
2014,MICHIGAN,KALAMAZOO,CORN,CORN - ACRES PLANTED,"64,000"
2013,MICHIGAN,KALAMAZOO,CORN,CORN - ACRES PLANTED,"61,000"
2012,MICHIGAN,KALAMAZOO,CORN,CORN - ACRES PLANTED,"62,000"
2011,MICHIGAN,KALAMAZOO,CORN,CORN - ACRES PLANTED,"64,000"
2010,MICHIGAN,KALAMAZOO,CORN,CORN - ACRES PLANTED,"56,000"
2009,MICHIGAN,KALAMAZOO,CORN,CORN - ACRES PLANTED,"54,000"
2008,MICHIGAN,KALAMAZOO,CORN,CORN - ACRES PLANTED,"55,000"
2007,MICHIGAN,KALAMAZOO,CORN,CORN - ACRES PLANTED,"59,000"
2006,MICHIGAN,KALAMAZOO,CORN,CORN - ACRES PLANTED,"48,000"
2005,MICHIGAN,KALAMAZOO,CORN,CORN - ACRES PLANTED,"50,000"
2016,MICHIGAN,KALAMAZOO,OATS,OATS - ACRES PLANTED,600
2009,MICHIGAN,KALAMAZOO,OATS,OATS - ACRES PLANTED,500
2005,MICHIGAN,KALAMAZOO,OATS,OATS - ACRES PLANTED,700
2015,MICHIGAN,KALAMAZOO,WHEAT,"WHEAT, WINTER - ACRES PLANTED","3,000"
2014,MICHIGAN,KALAMAZOO,WHEAT,"WHEAT, WINTER - ACRES PLANTED","3,000"
2009,MICHIGAN,KALAMAZOO,WHEAT,"WHEAT, WINTER - ACRES PLANTED","4,800"
2008,MICHIGAN,KALAMAZOO,WHEAT,"WHEAT, WINTER - ACRES PLANTED","6,100"
2007,MICHIGAN,KALAMAZOO,WHEAT,"WHEAT, WINTER - ACRES PLANTED","3,800"
2006,MICHIGAN,KALAMAZOO,WHEAT,"WHEAT, WINTER - ACRES PLANTED","4,900"
2005,MICHIGAN,KALAMAZOO,WHEAT,"WHEAT, WINTER - ACRES PLANTED","4,000"
2015,IOWA,LUCAS,CORN,CORN - ACRES PLANTED,"34,000"
2014,IOWA,LUCAS,CORN,CORN - ACRES PLANTED,"33,000"
2013,IOWA,LUCAS,CORN,CORN - ACRES PLANTED,"31,000"
2012,IOWA,LUCAS,CORN,CORN - ACRES PLANTED,"31,700"
2011,IOWA,LUCAS,CORN,CORN - ACRES PLANTED,"33,300"
2010,IOWA,LUCAS,CORN,CORN - ACRES PLANTED,"28,500"
2009,IOWA,LUCAS,CORN,CORN - ACRES PLANTED,"32,000"
2008,IOWA,LUCAS,CORN,CORN - ACRES PLANTED,"25,500"
2007,IOWA,LUCAS,CORN,CORN - ACRES PLANTED,"30,000"
2006,IOWA,LUCAS,CORN,CORN - ACRES PLANTED,"24,500"
2005,IOWA,LUCAS,CORN,CORN - ACRES PLANTED,"26,000"
2009,IOWA,LUCAS,OATS,OATS - ACRES PLANTED,"2,100"
2006,IOWA,LUCAS,OATS,OATS - ACRES PLANTED,"2,400"
2005,IOWA,LUCAS,OATS,OATS - ACRES PLANTED,"2,200"
2015,MICHIGAN,MONROE,CORN,CORN - ACRES PLANTED,"61,000"
2014,MICHIGAN,MONROE,CORN,CORN - ACRES PLANTED,"64,000"
2013,MICHIGAN,MONROE,CORN,CORN - ACRES PLANTED,"66,000"
2012,MICHIGAN,MONROE,CORN,CORN - ACRES PLANTED,"71,000"
2011,MICHIGAN,MONROE,CORN,CORN - ACRES PLANTED,"65,000"
2010,MICHIGAN,MONROE,CORN,CORN - ACRES PLANTED,"55,000"
2009,MICHIGAN,MONROE,CORN,CORN - ACRES PLANTED,"59,000"
2008,MICHIGAN,MONROE,CORN,CORN - ACRES PLANTED,"59,000"
2007,MICHIGAN,MONROE,CORN,CORN - ACRES PLANTED,"74,000"
2006,MICHIGAN,MONROE,CORN,CORN - ACRES PLANTED,"60,000"
2005,MICHIGAN,MONROE,CORN,CORN - ACRES PLANTED,"61,000"
2008,MICHIGAN,MONROE,OATS,OATS - ACRES PLANTED,600
2007,MICHIGAN,MONROE,OATS,OATS - ACRES PLANTED,700
2006,MICHIGAN,MONROE,OATS,OATS - ACRES PLANTED,800
2005,MICHIGAN,MONROE,OATS,OATS - ACRES PLANTED,"1,200"
2016,MICHIGAN,MONROE,WHEAT,"WHEAT, WINTER - ACRES PLANTED","21,200"
2015,MICHIGAN,MONROE,WHEAT,"WHEAT, WINTER - ACRES PLANTED","19,800"
2014,MICHIGAN,MONROE,WHEAT,"WHEAT, WINTER - ACRES PLANTED","24,700"
2013,MICHIGAN,MONROE,WHEAT,"WHEAT, WINTER - ACRES PLANTED","27,200"
2012,MICHIGAN,MONROE,WHEAT,"WHEAT, WINTER - ACRES PLANTED","15,800"
2011,MICHIGAN,MONROE,WHEAT,"WHEAT, WINTER - ACRES PLANTED","29,000"
2010,MICHIGAN,MONROE,WHEAT,"WHEAT, WINTER - ACRES PLANTED","21,400"
2009,MICHIGAN,MONROE,WHEAT,"WHEAT, WINTER - ACRES PLANTED","27,200"
2008,MICHIGAN,MONROE,WHEAT,"WHEAT, WINTER - ACRES PLANTED","27,600"
2007,MICHIGAN,MONROE,WHEAT,"WHEAT, WINTER - ACRES PLANTED","22,000"
2006,MICHIGAN,MONROE,WHEAT,"WHEAT, WINTER - ACRES PLANTED","27,200"
2005,MICHIGAN,MONROE,WHEAT,"WHEAT, WINTER - ACRES PLANTED","22,600"
2015,IOWA,O BRIEN,CORN,CORN - ACRES PLANTED,"171,500"
2014,IOWA,O BRIEN,CORN,CORN - ACRES PLANTED,"169,000"
2013,IOWA,O BRIEN,CORN,CORN - ACRES PLANTED,"176,500"
2012,IOWA,O BRIEN,CORN,CORN - ACRES PLANTED,"172,500"
2011,IOWA,O BRIEN,CORN,CORN - ACRES PLANTED,"174,000"
2010,IOWA,O BRIEN,CORN,CORN - ACRES PLANTED,"166,500"
2009,IOWA,O BRIEN,CORN,CORN - ACRES PLANTED,"167,500"
2008,IOWA,O BRIEN,CORN,CORN - ACRES PLANTED,"165,000"
2007,IOWA,O BRIEN,CORN,CORN - ACRES PLANTED,"172,500"
2006,IOWA,O BRIEN,CORN,CORN - ACRES PLANTED,"164,500"
2005,IOWA,O BRIEN,CORN,CORN - ACRES PLANTED,"163,000"
2015,IOWA,O BRIEN,OATS,OATS - ACRES PLANTED,600
2014,IOWA,O BRIEN,OATS,OATS - ACRES PLANTED,800
2010,IOWA,O BRIEN,OATS,OATS - ACRES PLANTED,700
2008,IOWA,O BRIEN,OATS,OATS - ACRES PLANTED,600
2007,IOWA,O BRIEN,OATS,OATS - ACRES PLANTED,650
2006,IOWA,O BRIEN,OATS,OATS - ACRES PLANTED,650
2005,IOWA,O BRIEN,OATS,OATS - ACRES PLANTED,700
2015,MICHIGAN,OCEANA,CORN,CORN - ACRES PLANTED,"15,500"
2014,MICHIGAN,OCEANA,CORN,CORN - ACRES PLANTED,"21,000"
2013,MICHIGAN,OCEANA,CORN,CORN - ACRES PLANTED,"18,500"
2012,MICHIGAN,OCEANA,CORN,CORN - ACRES PLANTED,"20,000"
2011,MICHIGAN,OCEANA,CORN,CORN - ACRES PLANTED,"18,800"
2010,MICHIGAN,OCEANA,CORN,CORN - ACRES PLANTED,"15,800"
2009,MICHIGAN,OCEANA,CORN,CORN - ACRES PLANTED,"15,500"
2006,MICHIGAN,OCEANA,CORN,CORN - ACRES PLANTED,"12,000"
2016,MICHIGAN,OCEANA,OATS,OATS - ACRES PLANTED,600
2015,MICHIGAN,OCEANA,OATS,OATS - ACRES PLANTED,800
2009,MICHIGAN,OCEANA,OATS,OATS - ACRES PLANTED,"1,000"
2006,MICHIGAN,OCEANA,OATS,OATS - ACRES PLANTED,"1,300"
2005,MICHIGAN,OCEANA,OATS,OATS - ACRES PLANTED,900
2016,MICHIGAN,OCEANA,WHEAT,"WHEAT, WINTER - ACRES PLANTED","2,800"
2014,MICHIGAN,OCEANA,WHEAT,"WHEAT, WINTER - ACRES PLANTED","1,900"
2012,MICHIGAN,OCEANA,WHEAT,"WHEAT, WINTER - ACRES PLANTED","2,000"
2011,MICHIGAN,OCEANA,WHEAT,"WHEAT, WINTER - ACRES PLANTED","2,500"
2010,MICHIGAN,OCEANA,WHEAT,"WHEAT, WINTER - ACRES PLANTED","1,900"
2009,MICHIGAN,OCEANA,WHEAT,"WHEAT, WINTER - ACRES PLANTED","2,000"
2008,MICHIGAN,OCEANA,WHEAT,"WHEAT, WINTER - ACRES PLANTED","3,000"
2007,MICHIGAN,OCEANA,WHEAT,"WHEAT, WINTER - ACRES PLANTED","2,000"
2006,MICHIGAN,OCEANA,WHEAT,"WHEAT, WINTER - ACRES PLANTED","2,000"
2015,WISCONSIN,OUTAGAMIE,CORN,CORN - ACRES PLANTED,"84,800"
2014,WISCONSIN,OUTAGAMIE,CORN,CORN - ACRES PLANTED,"74,800"
2013,WISCONSIN,OUTAGAMIE,CORN,CORN - ACRES PLANTED,"85,500"
2012,WISCONSIN,OUTAGAMIE,CORN,CORN - ACRES PLANTED,"87,500"
2011,WISCONSIN,OUTAGAMIE,CORN,CORN - ACRES PLANTED,"85,000"
2010,WISCONSIN,OUTAGAMIE,CORN,CORN - ACRES PLANTED,"84,000"
2009,WISCONSIN,OUTAGAMIE,CORN,CORN - ACRES PLANTED,"86,000"
2008,WISCONSIN,OUTAGAMIE,CORN,CORN - ACRES PLANTED,"84,000"
2007,WISCONSIN,OUTAGAMIE,CORN,CORN - ACRES PLANTED,"98,100"
2006,WISCONSIN,OUTAGAMIE,CORN,CORN - ACRES PLANTED,"93,100"
2005,WISCONSIN,OUTAGAMIE,CORN,CORN - ACRES PLANTED,"88,100"
2014,WISCONSIN,OUTAGAMIE,OATS,OATS - ACRES PLANTED,"2,600"
2013,WISCONSIN,OUTAGAMIE,OATS,OATS - ACRES PLANTED,"3,500"
2012,WISCONSIN,OUTAGAMIE,OATS,OATS - ACRES PLANTED,"3,200"
2010,WISCONSIN,OUTAGAMIE,OATS,OATS - ACRES PLANTED,"3,900"
2009,WISCONSIN,OUTAGAMIE,OATS,OATS - ACRES PLANTED,"3,300"
2007,WISCONSIN,OUTAGAMIE,OATS,OATS - ACRES PLANTED,"2,600"
2006,WISCONSIN,OUTAGAMIE,OATS,OATS - ACRES PLANTED,"4,500"
2005,WISCONSIN,OUTAGAMIE,OATS,OATS - ACRES PLANTED,"6,000"
2015,WISCONSIN,OUTAGAMIE,WHEAT,"WHEAT, WINTER - ACRES PLANTED","4,500"
2014,WISCONSIN,OUTAGAMIE,WHEAT,"WHEAT, WINTER - ACRES PLANTED","8,200"
2013,WISCONSIN,OUTAGAMIE,WHEAT,"WHEAT, WINTER - ACRES PLANTED","7,700"
2012,WISCONSIN,OUTAGAMIE,WHEAT,"WHEAT, WINTER - ACRES PLANTED","7,900"
2011,WISCONSIN,OUTAGAMIE,WHEAT,"WHEAT, WINTER - ACRES PLANTED","10,600"
2010,WISCONSIN,OUTAGAMIE,WHEAT,"WHEAT, WINTER - ACRES PLANTED","8,500"
2009,WISCONSIN,OUTAGAMIE,WHEAT,"WHEAT, WINTER - ACRES PLANTED","11,400"
2007,WISCONSIN,OUTAGAMIE,WHEAT,"WHEAT, WINTER - ACRES PLANTED","10,000"
2006,WISCONSIN,OUTAGAMIE,WHEAT,"WHEAT, WINTER - ACRES PLANTED","7,300"
2005,WISCONSIN,OUTAGAMIE,WHEAT,"WHEAT, WINTER - ACRES PLANTED","7,400"
2014,MISSOURI,PEMISCOT,CORN,CORN - ACRES PLANTED,"25,200"
2013,MISSOURI,PEMISCOT,CORN,CORN - ACRES PLANTED,"31,900"
2012,MISSOURI,PEMISCOT,CORN,CORN - ACRES PLANTED,"31,000"
2010,MISSOURI,PEMISCOT,CORN,CORN - ACRES PLANTED,"19,100"
2009,MISSOURI,PEMISCOT,CORN,CORN - ACRES PLANTED,"19,400"
2008,MISSOURI,PEMISCOT,CORN,CORN - ACRES PLANTED,"20,200"
2007,MISSOURI,PEMISCOT,CORN,CORN - ACRES PLANTED,"40,600"
2006,MISSOURI,PEMISCOT,CORN,CORN - ACRES PLANTED,"13,000"
2005,MISSOURI,PEMISCOT,CORN,CORN - ACRES PLANTED,"23,400"
2016,MISSOURI,PEMISCOT,WHEAT,"WHEAT, WINTER - ACRES PLANTED","26,100"
2015,MISSOURI,PEMISCOT,WHEAT,"WHEAT, WINTER - ACRES PLANTED","31,300"
2014,MISSOURI,PEMISCOT,WHEAT,"WHEAT, WINTER - ACRES PLANTED","38,000"
2013,MISSOURI,PEMISCOT,WHEAT,"WHEAT, WINTER - ACRES PLANTED","44,500"
2012,MISSOURI,PEMISCOT,WHEAT,"WHEAT, WINTER - ACRES PLANTED","21,700"
2011,MISSOURI,PEMISCOT,WHEAT,"WHEAT, WINTER - ACRES PLANTED","32,000"
2010,MISSOURI,PEMISCOT,WHEAT,"WHEAT, WINTER - ACRES PLANTED","5,300"
2009,MISSOURI,PEMISCOT,WHEAT,"WHEAT, WINTER - ACRES PLANTED","21,100"
2008,MISSOURI,PEMISCOT,WHEAT,"WHEAT, WINTER - ACRES PLANTED","49,100"
2007,MISSOURI,PEMISCOT,WHEAT,"WHEAT, WINTER - ACRES PLANTED","24,900"
2006,MISSOURI,PEMISCOT,WHEAT,"WHEAT, WINTER - ACRES PLANTED","20,400"
2005,MISSOURI,PEMISCOT,WHEAT,"WHEAT, WINTER - ACRES PLANTED","12,200"
2015,ILLINOIS,PIKE,CORN,CORN - ACRES PLANTED,"172,500"
2014,ILLINOIS,PIKE,CORN,CORN - ACRES PLANTED,"169,500"
2013,ILLINOIS,PIKE,CORN,CORN - ACRES PLANTED,"159,500"
2012,ILLINOIS,PIKE,CORN,CORN - ACRES PLANTED,"190,000"
2011,ILLINOIS,PIKE,CORN,CORN - ACRES PLANTED,"180,500"
2010,ILLINOIS,PIKE,CORN,CORN - ACRES PLANTED,"174,000"
2009,ILLINOIS,PIKE,CORN,CORN - ACRES PLANTED,"174,000"
2008,ILLINOIS,PIKE,CORN,CORN - ACRES PLANTED,"154,000"
2007,ILLINOIS,PIKE,CORN,CORN - ACRES PLANTED,"175,000"
2006,ILLINOIS,PIKE,CORN,CORN - ACRES PLANTED,"149,000"
2005,ILLINOIS,PIKE,CORN,CORN - ACRES PLANTED,"167,000"
2016,ILLINOIS,PIKE,WHEAT,"WHEAT, WINTER - ACRES PLANTED","2,500"
2015,ILLINOIS,PIKE,WHEAT,"WHEAT, WINTER - ACRES PLANTED","2,700"
2014,ILLINOIS,PIKE,WHEAT,"WHEAT, WINTER - ACRES PLANTED","4,700"
2013,ILLINOIS,PIKE,WHEAT,"WHEAT, WINTER - ACRES PLANTED","6,500"
2012,ILLINOIS,PIKE,WHEAT,"WHEAT, WINTER - ACRES PLANTED","4,300"
2011,ILLINOIS,PIKE,WHEAT,"WHEAT, WINTER - ACRES PLANTED","5,900"
2008,ILLINOIS,PIKE,WHEAT,"WHEAT, WINTER - ACRES PLANTED","18,400"
2007,ILLINOIS,PIKE,WHEAT,"WHEAT, WINTER - ACRES PLANTED","13,100"
2006,ILLINOIS,PIKE,WHEAT,"WHEAT, WINTER - ACRES PLANTED","11,800"
2005,ILLINOIS,PIKE,WHEAT,"WHEAT, WINTER - ACRES PLANTED","5,800"
2016,MINNESOTA,POLK,BARLEY,BARLEY - ACRES PLANTED,"7,100"
2015,MINNESOTA,POLK,BARLEY,BARLEY - ACRES PLANTED,"11,000"
2014,MINNESOTA,POLK,BARLEY,BARLEY - ACRES PLANTED,"6,400"
2013,MINNESOTA,POLK,BARLEY,BARLEY - ACRES PLANTED,"6,300"
2011,MINNESOTA,POLK,BARLEY,BARLEY - ACRES PLANTED,"5,900"
2010,MINNESOTA,POLK,BARLEY,BARLEY - ACRES PLANTED,"5,500"
2009,MINNESOTA,POLK,BARLEY,BARLEY - ACRES PLANTED,"8,200"
2008,MINNESOTA,POLK,BARLEY,BARLEY - ACRES PLANTED,"12,100"
2007,MINNESOTA,POLK,BARLEY,BARLEY - ACRES PLANTED,"13,700"
2006,MINNESOTA,POLK,BARLEY,BARLEY - ACRES PLANTED,"8,300"
2005,MINNESOTA,POLK,BARLEY,BARLEY - ACRES PLANTED,"10,100"
2015,MINNESOTA,POLK,CORN,CORN - ACRES PLANTED,"67,700"
2014,MINNESOTA,POLK,CORN,CORN - ACRES PLANTED,"69,200"
2013,MINNESOTA,POLK,CORN,CORN - ACRES PLANTED,"120,000"
2012,MINNESOTA,POLK,CORN,CORN - ACRES PLANTED,"113,000"
2011,MINNESOTA,POLK,CORN,CORN - ACRES PLANTED,"62,300"
2010,MINNESOTA,POLK,CORN,CORN - ACRES PLANTED,"44,200"
2009,MINNESOTA,POLK,CORN,CORN - ACRES PLANTED,"35,900"
2007,MINNESOTA,POLK,CORN,CORN - ACRES PLANTED,"54,000"
2006,MINNESOTA,POLK,CORN,CORN - ACRES PLANTED,"26,500"
2005,MINNESOTA,POLK,CORN,CORN - ACRES PLANTED,"22,600"
2015,MINNESOTA,POLK,OATS,OATS - ACRES PLANTED,"4,600"
2011,MINNESOTA,POLK,OATS,OATS - ACRES PLANTED,"2,300"
2010,MINNESOTA,POLK,OATS,OATS - ACRES PLANTED,"4,200"
2009,MINNESOTA,POLK,OATS,OATS - ACRES PLANTED,"3,100"
2008,MINNESOTA,POLK,OATS,OATS - ACRES PLANTED,"4,400"
2007,MINNESOTA,POLK,OATS,OATS - ACRES PLANTED,"5,200"
2006,MINNESOTA,POLK,OATS,OATS - ACRES PLANTED,"5,500"
2005,MINNESOTA,POLK,OATS,OATS - ACRES PLANTED,"4,200"
2016,MINNESOTA,POLK,WHEAT,"WHEAT, SPRING, (EXCL DURUM) - ACRES PLANTED","278,000"
2015,MINNESOTA,POLK,WHEAT,"WHEAT, SPRING, (EXCL DURUM) - ACRES PLANTED","288,000"
2014,MINNESOTA,POLK,WHEAT,"WHEAT, SPRING, (EXCL DURUM) - ACRES PLANTED","263,000"
2013,MINNESOTA,POLK,WHEAT,"WHEAT, SPRING, (EXCL DURUM) - ACRES PLANTED","249,500"
2012,MINNESOTA,POLK,WHEAT,"WHEAT, SPRING, (EXCL DURUM) - ACRES PLANTED","259,500"
2011,MINNESOTA,POLK,WHEAT,"WHEAT, SPRING, (EXCL DURUM) - ACRES PLANTED","296,000"
2010,MINNESOTA,POLK,WHEAT,"WHEAT, SPRING, (EXCL DURUM) - ACRES PLANTED","275,500"
2009,MINNESOTA,POLK,WHEAT,"WHEAT, SPRING, (EXCL DURUM) - ACRES PLANTED","284,500"
2008,MINNESOTA,POLK,WHEAT,"WHEAT, SPRING, (EXCL DURUM) - ACRES PLANTED","308,000"
2007,MINNESOTA,POLK,WHEAT,"WHEAT, SPRING, (EXCL DURUM) - ACRES PLANTED","290,000"
2006,MINNESOTA,POLK,WHEAT,"WHEAT, SPRING, (EXCL DURUM) - ACRES PLANTED","284,600"
2005,MINNESOTA,POLK,WHEAT,"WHEAT, SPRING, (EXCL DURUM) - ACRES PLANTED","304,900"
2008,MINNESOTA,POLK,WHEAT,"WHEAT, WINTER - ACRES PLANTED","11,000"
2015,ILLINOIS,POPE,CORN,CORN - ACRES PLANTED,"7,500"
2014,ILLINOIS,POPE,CORN,CORN - ACRES PLANTED,"7,200"
2012,ILLINOIS,POPE,CORN,CORN - ACRES PLANTED,"10,000"
2007,ILLINOIS,POPE,CORN,CORN - ACRES PLANTED,"7,000"
2006,ILLINOIS,POPE,CORN,CORN - ACRES PLANTED,"5,000"
2005,ILLINOIS,POPE,CORN,CORN - ACRES PLANTED,"6,000"
2015,INDIANA,PORTER,CORN,CORN - ACRES PLANTED,"60,000"
2014,INDIANA,PORTER,CORN,CORN - ACRES PLANTED,"63,000"
2013,INDIANA,PORTER,CORN,CORN - ACRES PLANTED,"68,000"
2012,INDIANA,PORTER,CORN,CORN - ACRES PLANTED,"70,500"
2011,INDIANA,PORTER,CORN,CORN - ACRES PLANTED,"66,400"
2010,INDIANA,PORTER,CORN,CORN - ACRES PLANTED,"64,000"
2009,INDIANA,PORTER,CORN,CORN - ACRES PLANTED,"62,000"
2008,INDIANA,PORTER,CORN,CORN - ACRES PLANTED,"65,000"
2007,INDIANA,PORTER,CORN,CORN - ACRES PLANTED,"71,000"
2006,INDIANA,PORTER,CORN,CORN - ACRES PLANTED,"62,500"
2005,INDIANA,PORTER,CORN,CORN - ACRES PLANTED,"68,300"
2016,INDIANA,PORTER,WHEAT,"WHEAT, WINTER - ACRES PLANTED","2,000"
2015,INDIANA,PORTER,WHEAT,"WHEAT, WINTER - ACRES PLANTED","2,000"
2014,INDIANA,PORTER,WHEAT,"WHEAT, WINTER - ACRES PLANTED","2,300"
2013,INDIANA,PORTER,WHEAT,"WHEAT, WINTER - ACRES PLANTED","2,200"
2012,INDIANA,PORTER,WHEAT,"WHEAT, WINTER - ACRES PLANTED","2,400"
2010,INDIANA,PORTER,WHEAT,"WHEAT, WINTER - ACRES PLANTED","2,100"
2009,INDIANA,PORTER,WHEAT,"WHEAT, WINTER - ACRES PLANTED","3,000"
2008,INDIANA,PORTER,WHEAT,"WHEAT, WINTER - ACRES PLANTED","4,400"
2007,INDIANA,PORTER,WHEAT,"WHEAT, WINTER - ACRES PLANTED","3,200"
2006,INDIANA,PORTER,WHEAT,"WHEAT, WINTER - ACRES PLANTED","3,500"
2005,INDIANA,PORTER,WHEAT,"WHEAT, WINTER - ACRES PLANTED","2,700"
2015,INDIANA,RANDOLPH,CORN,CORN - ACRES PLANTED,"98,000"
2014,INDIANA,RANDOLPH,CORN,CORN - ACRES PLANTED,"100,000"
2013,INDIANA,RANDOLPH,CORN,CORN - ACRES PLANTED,"103,000"
2012,INDIANA,RANDOLPH,CORN,CORN - ACRES PLANTED,"106,000"
2011,INDIANA,RANDOLPH,CORN,CORN - ACRES PLANTED,"95,500"
2010,INDIANA,RANDOLPH,CORN,CORN - ACRES PLANTED,"96,500"
2009,INDIANA,RANDOLPH,CORN,CORN - ACRES PLANTED,"91,000"
2008,INDIANA,RANDOLPH,CORN,CORN - ACRES PLANTED,"89,700"
2007,INDIANA,RANDOLPH,CORN,CORN - ACRES PLANTED,"101,700"
2006,INDIANA,RANDOLPH,CORN,CORN - ACRES PLANTED,"88,300"
2005,INDIANA,RANDOLPH,CORN,CORN - ACRES PLANTED,"90,200"
2016,INDIANA,RANDOLPH,WHEAT,"WHEAT, WINTER - ACRES PLANTED","5,300"
2015,INDIANA,RANDOLPH,WHEAT,"WHEAT, WINTER - ACRES PLANTED","4,800"
2014,INDIANA,RANDOLPH,WHEAT,"WHEAT, WINTER - ACRES PLANTED","5,600"
2011,INDIANA,RANDOLPH,WHEAT,"WHEAT, WINTER - ACRES PLANTED","7,900"
2010,INDIANA,RANDOLPH,WHEAT,"WHEAT, WINTER - ACRES PLANTED","6,400"
2009,INDIANA,RANDOLPH,WHEAT,"WHEAT, WINTER - ACRES PLANTED","9,200"
2008,INDIANA,RANDOLPH,WHEAT,"WHEAT, WINTER - ACRES PLANTED","10,600"
2007,INDIANA,RANDOLPH,WHEAT,"WHEAT, WINTER - ACRES PLANTED","8,000"
2006,INDIANA,RANDOLPH,WHEAT,"WHEAT, WINTER - ACRES PLANTED","8,100"
2005,INDIANA,RANDOLPH,WHEAT,"WHEAT, WINTER - ACRES PLANTED","6,400"
2015,MINNESOTA,REDWOOD,CORN,CORN - ACRES PLANTED,"234,000"
2014,MINNESOTA,REDWOOD,CORN,CORN - ACRES PLANTED,"245,500"
2013,MINNESOTA,REDWOOD,CORN,CORN - ACRES PLANTED,"256,000"
2012,MINNESOTA,REDWOOD,CORN,CORN - ACRES PLANTED,"251,000"
2011,MINNESOTA,REDWOOD,CORN,CORN - ACRES PLANTED,"239,500"
2010,MINNESOTA,REDWOOD,CORN,CORN - ACRES PLANTED,"236,000"
2009,MINNESOTA,REDWOOD,CORN,CORN - ACRES PLANTED,"239,500"
2008,MINNESOTA,REDWOOD,CORN,CORN - ACRES PLANTED,"229,000"
2007,MINNESOTA,REDWOOD,CORN,CORN - ACRES PLANTED,"250,000"
2006,MINNESOTA,REDWOOD,CORN,CORN - ACRES PLANTED,"236,900"
2005,MINNESOTA,REDWOOD,CORN,CORN - ACRES PLANTED,"240,000"
2013,MINNESOTA,REDWOOD,OATS,OATS - ACRES PLANTED,"1,000"
2011,MINNESOTA,REDWOOD,OATS,OATS - ACRES PLANTED,500
2010,MINNESOTA,REDWOOD,OATS,OATS - ACRES PLANTED,900
2007,MINNESOTA,REDWOOD,OATS,OATS - ACRES PLANTED,"1,300"
2006,MINNESOTA,REDWOOD,OATS,OATS - ACRES PLANTED,"1,200"
2005,MINNESOTA,REDWOOD,OATS,OATS - ACRES PLANTED,"1,300"
2016,MINNESOTA,REDWOOD,WHEAT,"WHEAT, SPRING, (EXCL DURUM) - ACRES PLANTED","1,300"
2015,MINNESOTA,REDWOOD,WHEAT,"WHEAT, SPRING, (EXCL DURUM) - ACRES PLANTED","1,500"
2014,MINNESOTA,REDWOOD,WHEAT,"WHEAT, SPRING, (EXCL DURUM) - ACRES PLANTED",900
2013,MINNESOTA,REDWOOD,WHEAT,"WHEAT, SPRING, (EXCL DURUM) - ACRES PLANTED","1,000"
2012,MINNESOTA,REDWOOD,WHEAT,"WHEAT, SPRING, (EXCL DURUM) - ACRES PLANTED","1,400"
2011,MINNESOTA,REDWOOD,WHEAT,"WHEAT, SPRING, (EXCL DURUM) - ACRES PLANTED","1,500"
2007,MINNESOTA,REDWOOD,WHEAT,"WHEAT, SPRING, (EXCL DURUM) - ACRES PLANTED","2,100"
2006,MINNESOTA,REDWOOD,WHEAT,"WHEAT, SPRING, (EXCL DURUM) - ACRES PLANTED","2,800"
2005,MINNESOTA,REDWOOD,WHEAT,"WHEAT, SPRING, (EXCL DURUM) - ACRES PLANTED","3,400"
2015,KANSAS,RILEY,CORN,CORN - ACRES PLANTED,"12,400"
2013,KANSAS,RILEY,CORN,CORN - ACRES PLANTED,"16,300"
2012,KANSAS,RILEY,CORN,CORN - ACRES PLANTED,"16,000"
2011,KANSAS,RILEY,CORN,CORN - ACRES PLANTED,"18,000"
2010,KANSAS,RILEY,CORN,CORN - ACRES PLANTED,"16,500"
2009,KANSAS,RILEY,CORN,CORN - ACRES PLANTED,"14,000"
2006,KANSAS,RILEY,CORN,CORN - ACRES PLANTED,"10,900"
2016,KANSAS,RILEY,WHEAT,"WHEAT, WINTER - ACRES PLANTED","12,800"
2014,KANSAS,RILEY,WHEAT,"WHEAT, WINTER - ACRES PLANTED","18,000"
2013,KANSAS,RILEY,WHEAT,"WHEAT, WINTER - ACRES PLANTED","20,000"
2012,KANSAS,RILEY,WHEAT,"WHEAT, WINTER - ACRES PLANTED","20,000"
2011,KANSAS,RILEY,WHEAT,"WHEAT, WINTER - ACRES PLANTED","19,000"
2010,KANSAS,RILEY,WHEAT,"WHEAT, WINTER - ACRES PLANTED","17,300"
2009,KANSAS,RILEY,WHEAT,"WHEAT, WINTER - ACRES PLANTED","21,000"
2008,KANSAS,RILEY,WHEAT,"WHEAT, WINTER - ACRES PLANTED","23,400"
2007,KANSAS,RILEY,WHEAT,"WHEAT, WINTER - ACRES PLANTED","28,200"
2006,KANSAS,RILEY,WHEAT,"WHEAT, WINTER - ACRES PLANTED","25,000"
2005,KANSAS,RILEY,WHEAT,"WHEAT, WINTER - ACRES PLANTED","25,700"
2015,MICHIGAN,SAGINAW,CORN,CORN - ACRES PLANTED,"90,000"
2014,MICHIGAN,SAGINAW,CORN,CORN - ACRES PLANTED,"97,000"
2013,MICHIGAN,SAGINAW,CORN,CORN - ACRES PLANTED,"103,000"
2012,MICHIGAN,SAGINAW,CORN,CORN - ACRES PLANTED,"105,000"
2011,MICHIGAN,SAGINAW,CORN,CORN - ACRES PLANTED,"97,000"
2010,MICHIGAN,SAGINAW,CORN,CORN - ACRES PLANTED,"98,000"
2009,MICHIGAN,SAGINAW,CORN,CORN - ACRES PLANTED,"94,000"
2008,MICHIGAN,SAGINAW,CORN,CORN - ACRES PLANTED,"97,000"
2007,MICHIGAN,SAGINAW,CORN,CORN - ACRES PLANTED,"111,000"
2006,MICHIGAN,SAGINAW,CORN,CORN - ACRES PLANTED,"89,000"
2005,MICHIGAN,SAGINAW,CORN,CORN - ACRES PLANTED,"93,000"
2016,MICHIGAN,SAGINAW,OATS,OATS - ACRES PLANTED,700
2006,MICHIGAN,SAGINAW,OATS,OATS - ACRES PLANTED,"1,200"
2005,MICHIGAN,SAGINAW,OATS,OATS - ACRES PLANTED,"1,000"
2016,MICHIGAN,SAGINAW,WHEAT,"WHEAT, WINTER - ACRES PLANTED","20,500"
2015,MICHIGAN,SAGINAW,WHEAT,"WHEAT, WINTER - ACRES PLANTED","17,000"
2014,MICHIGAN,SAGINAW,WHEAT,"WHEAT, WINTER - ACRES PLANTED","22,300"
2013,MICHIGAN,SAGINAW,WHEAT,"WHEAT, WINTER - ACRES PLANTED","22,600"
2012,MICHIGAN,SAGINAW,WHEAT,"WHEAT, WINTER - ACRES PLANTED","23,000"
2011,MICHIGAN,SAGINAW,WHEAT,"WHEAT, WINTER - ACRES PLANTED","29,000"
2010,MICHIGAN,SAGINAW,WHEAT,"WHEAT, WINTER - ACRES PLANTED","22,200"
2009,MICHIGAN,SAGINAW,WHEAT,"WHEAT, WINTER - ACRES PLANTED","27,800"
2008,MICHIGAN,SAGINAW,WHEAT,"WHEAT, WINTER - ACRES PLANTED","32,400"
2007,MICHIGAN,SAGINAW,WHEAT,"WHEAT, WINTER - ACRES PLANTED","27,100"
2006,MICHIGAN,SAGINAW,WHEAT,"WHEAT, WINTER - ACRES PLANTED","31,000"
2005,MICHIGAN,SAGINAW,WHEAT,"WHEAT, WINTER - ACRES PLANTED","25,800"
2015,ILLINOIS,STEPHENSON,CORN,CORN - ACRES PLANTED,"180,000"
2014,ILLINOIS,STEPHENSON,CORN,CORN - ACRES PLANTED,"181,000"
2013,ILLINOIS,STEPHENSON,CORN,CORN - ACRES PLANTED,"178,500"
2012,ILLINOIS,STEPHENSON,CORN,CORN - ACRES PLANTED,"183,000"
2011,ILLINOIS,STEPHENSON,CORN,CORN - ACRES PLANTED,"181,500"
2010,ILLINOIS,STEPHENSON,CORN,CORN - ACRES PLANTED,"175,000"
2009,ILLINOIS,STEPHENSON,CORN,CORN - ACRES PLANTED,"172,000"
2008,ILLINOIS,STEPHENSON,CORN,CORN - ACRES PLANTED,"166,000"
2007,ILLINOIS,STEPHENSON,CORN,CORN - ACRES PLANTED,"180,000"
2006,ILLINOIS,STEPHENSON,CORN,CORN - ACRES PLANTED,"153,000"
2005,ILLINOIS,STEPHENSON,CORN,CORN - ACRES PLANTED,"158,000"
2016,ILLINOIS,STEPHENSON,OATS,OATS - ACRES PLANTED,"2,900"
2014,ILLINOIS,STEPHENSON,OATS,OATS - ACRES PLANTED,"2,700"
2013,ILLINOIS,STEPHENSON,OATS,OATS - ACRES PLANTED,"4,000"
2010,ILLINOIS,STEPHENSON,OATS,OATS - ACRES PLANTED,"4,200"
2007,ILLINOIS,STEPHENSON,OATS,OATS - ACRES PLANTED,"2,300"
2006,ILLINOIS,STEPHENSON,OATS,OATS - ACRES PLANTED,"4,300"
2005,ILLINOIS,STEPHENSON,OATS,OATS - ACRES PLANTED,"5,000"
2016,ILLINOIS,STEPHENSON,WHEAT,"WHEAT, WINTER - ACRES PLANTED","2,600"
2015,ILLINOIS,STEPHENSON,WHEAT,"WHEAT, WINTER - ACRES PLANTED","4,200"
2014,ILLINOIS,STEPHENSON,WHEAT,"WHEAT, WINTER - ACRES PLANTED","4,700"
2013,ILLINOIS,STEPHENSON,WHEAT,"WHEAT, WINTER - ACRES PLANTED","4,800"
2012,ILLINOIS,STEPHENSON,WHEAT,"WHEAT, WINTER - ACRES PLANTED","2,900"
2011,ILLINOIS,STEPHENSON,WHEAT,"WHEAT, WINTER - ACRES PLANTED","3,600"
2010,ILLINOIS,STEPHENSON,WHEAT,"WHEAT, WINTER - ACRES PLANTED","2,200"
2009,ILLINOIS,STEPHENSON,WHEAT,"WHEAT, WINTER - ACRES PLANTED","4,400"
2008,ILLINOIS,STEPHENSON,WHEAT,"WHEAT, WINTER - ACRES PLANTED","5,200"
2007,ILLINOIS,STEPHENSON,WHEAT,"WHEAT, WINTER - ACRES PLANTED","4,100"
2006,ILLINOIS,STEPHENSON,WHEAT,"WHEAT, WINTER - ACRES PLANTED","4,600"
2005,ILLINOIS,STEPHENSON,WHEAT,"WHEAT, WINTER - ACRES PLANTED","2,000"
2015,MINNESOTA,STEVENS,CORN,CORN - ACRES PLANTED,"147,000"
2014,MINNESOTA,STEVENS,CORN,CORN - ACRES PLANTED,"149,000"
2013,MINNESOTA,STEVENS,CORN,CORN - ACRES PLANTED,"159,500"
2012,MINNESOTA,STEVENS,CORN,CORN - ACRES PLANTED,"150,000"
2011,MINNESOTA,STEVENS,CORN,CORN - ACRES PLANTED,"133,000"
2010,MINNESOTA,STEVENS,CORN,CORN - ACRES PLANTED,"137,000"
2009,MINNESOTA,STEVENS,CORN,CORN - ACRES PLANTED,"140,000"
2008,MINNESOTA,STEVENS,CORN,CORN - ACRES PLANTED,"152,500"
2007,MINNESOTA,STEVENS,CORN,CORN - ACRES PLANTED,"168,000"
2006,MINNESOTA,STEVENS,CORN,CORN - ACRES PLANTED,"147,500"
2005,MINNESOTA,STEVENS,CORN,CORN - ACRES PLANTED,"142,000"
2016,MINNESOTA,STEVENS,WHEAT,"WHEAT, SPRING, (EXCL DURUM) - ACRES PLANTED","9,000"
2015,MINNESOTA,STEVENS,WHEAT,"WHEAT, SPRING, (EXCL DURUM) - ACRES PLANTED","9,300"
2014,MINNESOTA,STEVENS,WHEAT,"WHEAT, SPRING, (EXCL DURUM) - ACRES PLANTED","7,300"
2013,MINNESOTA,STEVENS,WHEAT,"WHEAT, SPRING, (EXCL DURUM) - ACRES PLANTED","6,500"
2012,MINNESOTA,STEVENS,WHEAT,"WHEAT, SPRING, (EXCL DURUM) - ACRES PLANTED","9,400"
2011,MINNESOTA,STEVENS,WHEAT,"WHEAT, SPRING, (EXCL DURUM) - ACRES PLANTED","11,300"
2010,MINNESOTA,STEVENS,WHEAT,"WHEAT, SPRING, (EXCL DURUM) - ACRES PLANTED","15,600"
2009,MINNESOTA,STEVENS,WHEAT,"WHEAT, SPRING, (EXCL DURUM) - ACRES PLANTED","16,800"
2007,MINNESOTA,STEVENS,WHEAT,"WHEAT, SPRING, (EXCL DURUM) - ACRES PLANTED","16,200"
2006,MINNESOTA,STEVENS,WHEAT,"WHEAT, SPRING, (EXCL DURUM) - ACRES PLANTED","17,300"
2005,MINNESOTA,STEVENS,WHEAT,"WHEAT, SPRING, (EXCL DURUM) - ACRES PLANTED","20,600"
2015,INDIANA,TIPPECANOE,CORN,CORN - ACRES PLANTED,"96,000"
2014,INDIANA,TIPPECANOE,CORN,CORN - ACRES PLANTED,"104,000"
2013,INDIANA,TIPPECANOE,CORN,CORN - ACRES PLANTED,"102,000"
2012,INDIANA,TIPPECANOE,CORN,CORN - ACRES PLANTED,"109,500"
2011,INDIANA,TIPPECANOE,CORN,CORN - ACRES PLANTED,"102,500"
2010,INDIANA,TIPPECANOE,CORN,CORN - ACRES PLANTED,"106,000"
2009,INDIANA,TIPPECANOE,CORN,CORN - ACRES PLANTED,"97,000"
2008,INDIANA,TIPPECANOE,CORN,CORN - ACRES PLANTED,"98,500"
2007,INDIANA,TIPPECANOE,CORN,CORN - ACRES PLANTED,"110,000"
2006,INDIANA,TIPPECANOE,CORN,CORN - ACRES PLANTED,"98,900"
2005,INDIANA,TIPPECANOE,CORN,CORN - ACRES PLANTED,"104,200"
2016,INDIANA,TIPPECANOE,WHEAT,"WHEAT, WINTER - ACRES PLANTED","3,900"
2015,INDIANA,TIPPECANOE,WHEAT,"WHEAT, WINTER - ACRES PLANTED","3,500"
2014,INDIANA,TIPPECANOE,WHEAT,"WHEAT, WINTER - ACRES PLANTED","2,700"
2013,INDIANA,TIPPECANOE,WHEAT,"WHEAT, WINTER - ACRES PLANTED","3,800"
2012,INDIANA,TIPPECANOE,WHEAT,"WHEAT, WINTER - ACRES PLANTED","2,900"
2011,INDIANA,TIPPECANOE,WHEAT,"WHEAT, WINTER - ACRES PLANTED","4,000"
2010,INDIANA,TIPPECANOE,WHEAT,"WHEAT, WINTER - ACRES PLANTED","2,800"
2009,INDIANA,TIPPECANOE,WHEAT,"WHEAT, WINTER - ACRES PLANTED","4,100"
2008,INDIANA,TIPPECANOE,WHEAT,"WHEAT, WINTER - ACRES PLANTED","5,100"
2007,INDIANA,TIPPECANOE,WHEAT,"WHEAT, WINTER - ACRES PLANTED","4,900"
2006,INDIANA,TIPPECANOE,WHEAT,"WHEAT, WINTER - ACRES PLANTED","4,800"
2005,INDIANA,TIPPECANOE,WHEAT,"WHEAT, WINTER - ACRES PLANTED","3,900"
2015,WISCONSIN,WALWORTH,CORN,CORN - ACRES PLANTED,"104,000"
2014,WISCONSIN,WALWORTH,CORN,CORN - ACRES PLANTED,"108,500"
2013,WISCONSIN,WALWORTH,CORN,CORN - ACRES PLANTED,"109,000"
2012,WISCONSIN,WALWORTH,CORN,CORN - ACRES PLANTED,"112,000"
2011,WISCONSIN,WALWORTH,CORN,CORN - ACRES PLANTED,"111,000"
2010,WISCONSIN,WALWORTH,CORN,CORN - ACRES PLANTED,"109,000"
2009,WISCONSIN,WALWORTH,CORN,CORN - ACRES PLANTED,"105,000"
2008,WISCONSIN,WALWORTH,CORN,CORN - ACRES PLANTED,"103,000"
2007,WISCONSIN,WALWORTH,CORN,CORN - ACRES PLANTED,"111,000"
2006,WISCONSIN,WALWORTH,CORN,CORN - ACRES PLANTED,"95,500"
2005,WISCONSIN,WALWORTH,CORN,CORN - ACRES PLANTED,"103,000"
2015,WISCONSIN,WALWORTH,OATS,OATS - ACRES PLANTED,900
2013,WISCONSIN,WALWORTH,OATS,OATS - ACRES PLANTED,"1,500"
2010,WISCONSIN,WALWORTH,OATS,OATS - ACRES PLANTED,"1,900"
2007,WISCONSIN,WALWORTH,OATS,OATS - ACRES PLANTED,"1,100"
2006,WISCONSIN,WALWORTH,OATS,OATS - ACRES PLANTED,"2,500"
2005,WISCONSIN,WALWORTH,OATS,OATS - ACRES PLANTED,"2,200"
2015,WISCONSIN,WALWORTH,WHEAT,"WHEAT, WINTER - ACRES PLANTED","6,700"
2014,WISCONSIN,WALWORTH,WHEAT,"WHEAT, WINTER - ACRES PLANTED","8,400"
2013,WISCONSIN,WALWORTH,WHEAT,"WHEAT, WINTER - ACRES PLANTED","11,400"
2012,WISCONSIN,WALWORTH,WHEAT,"WHEAT, WINTER - ACRES PLANTED","8,100"
2011,WISCONSIN,WALWORTH,WHEAT,"WHEAT, WINTER - ACRES PLANTED","12,200"
2010,WISCONSIN,WALWORTH,WHEAT,"WHEAT, WINTER - ACRES PLANTED","6,900"
2009,WISCONSIN,WALWORTH,WHEAT,"WHEAT, WINTER - ACRES PLANTED","9,400"
2007,WISCONSIN,WALWORTH,WHEAT,"WHEAT, WINTER - ACRES PLANTED","10,300"
2006,WISCONSIN,WALWORTH,WHEAT,"WHEAT, WINTER - ACRES PLANTED","9,300"
2005,WISCONSIN,WALWORTH,WHEAT,"WHEAT, WINTER - ACRES PLANTED","5,000"
2015,ILLINOIS,WARREN,CORN,CORN - ACRES PLANTED,"158,000"
2014,ILLINOIS,WARREN,CORN,CORN - ACRES PLANTED,"156,500"
2013,ILLINOIS,WARREN,CORN,CORN - ACRES PLANTED,"157,500"
2012,ILLINOIS,WARREN,CORN,CORN - ACRES PLANTED,"176,000"
2011,ILLINOIS,WARREN,CORN,CORN - ACRES PLANTED,"175,000"
2010,ILLINOIS,WARREN,CORN,CORN - ACRES PLANTED,"172,000"
2009,ILLINOIS,WARREN,CORN,CORN - ACRES PLANTED,"166,000"
2008,ILLINOIS,WARREN,CORN,CORN - ACRES PLANTED,"168,000"
2007,ILLINOIS,WARREN,CORN,CORN - ACRES PLANTED,"169,000"
2006,ILLINOIS,WARREN,CORN,CORN - ACRES PLANTED,"144,000"
2005,ILLINOIS,WARREN,CORN,CORN - ACRES PLANTED,"152,000"
2014,ILLINOIS,WARREN,OATS,OATS - ACRES PLANTED,500
2015,ILLINOIS,WARREN,WHEAT,"WHEAT, WINTER - ACRES PLANTED",900
2013,ILLINOIS,WARREN,WHEAT,"WHEAT, WINTER - ACRES PLANTED","1,200"
2007,ILLINOIS,WARREN,WHEAT,"WHEAT, WINTER - ACRES PLANTED","1,200"
2015,WISCONSIN,WAUSHARA,CORN,CORN - ACRES PLANTED,"33,300"
2014,WISCONSIN,WAUSHARA,CORN,CORN - ACRES PLANTED,"34,900"
2013,WISCONSIN,WAUSHARA,CORN,CORN - ACRES PLANTED,"37,700"
2012,WISCONSIN,WAUSHARA,CORN,CORN - ACRES PLANTED,"38,700"
2011,WISCONSIN,WAUSHARA,CORN,CORN - ACRES PLANTED,"36,000"
2010,WISCONSIN,WAUSHARA,CORN,CORN - ACRES PLANTED,"33,000"
2009,WISCONSIN,WAUSHARA,CORN,CORN - ACRES PLANTED,"22,500"
2008,WISCONSIN,WAUSHARA,CORN,CORN - ACRES PLANTED,"23,000"
2007,WISCONSIN,WAUSHARA,CORN,CORN - ACRES PLANTED,"31,500"
2006,WISCONSIN,WAUSHARA,CORN,CORN - ACRES PLANTED,"30,000"
2005,WISCONSIN,WAUSHARA,CORN,CORN - ACRES PLANTED,"29,900"
2016,WISCONSIN,WAUSHARA,OATS,OATS - ACRES PLANTED,"1,500"
2015,WISCONSIN,WAUSHARA,OATS,OATS - ACRES PLANTED,"1,200"
2010,WISCONSIN,WAUSHARA,OATS,OATS - ACRES PLANTED,"1,500"
2006,WISCONSIN,WAUSHARA,OATS,OATS - ACRES PLANTED,"2,300"
2005,WISCONSIN,WAUSHARA,OATS,OATS - ACRES PLANTED,"2,100"
2016,WISCONSIN,WAUSHARA,WHEAT,"WHEAT, WINTER - ACRES PLANTED","1,800"
2015,WISCONSIN,WAUSHARA,WHEAT,"WHEAT, WINTER - ACRES PLANTED","1,200"
2014,WISCONSIN,WAUSHARA,WHEAT,"WHEAT, WINTER - ACRES PLANTED","2,600"
2012,WISCONSIN,WAUSHARA,WHEAT,"WHEAT, WINTER - ACRES PLANTED","1,400"
2011,WISCONSIN,WAUSHARA,WHEAT,"WHEAT, WINTER - ACRES PLANTED","2,200"
2010,WISCONSIN,WAUSHARA,WHEAT,"WHEAT, WINTER - ACRES PLANTED","1,300"
2007,WISCONSIN,WAUSHARA,WHEAT,"WHEAT, WINTER - ACRES PLANTED","3,400"
2005,WISCONSIN,WAUSHARA,WHEAT,"WHEAT, WINTER - ACRES PLANTED","1,300"
2015,KENTUCKY,WHITLEY,CORN,CORN - ACRES PLANTED,500
2013,KENTUCKY,WHITLEY,CORN,CORN - ACRES PLANTED,600
2012,KENTUCKY,WHITLEY,CORN,CORN - ACRES PLANTED,600
2011,KENTUCKY,WHITLEY,CORN,CORN - ACRES PLANTED,600
2009,KENTUCKY,WHITLEY,CORN,CORN - ACRES PLANTED,800
2008,KENTUCKY,WHITLEY,CORN,CORN - ACRES PLANTED,800
2007,KENTUCKY,WHITLEY,CORN,CORN - ACRES PLANTED,"1,000"
2006,KENTUCKY,WHITLEY,CORN,CORN - ACRES PLANTED,800
2015,ILLINOIS,WOODFORD,CORN,CORN - ACRES PLANTED,"128,500"
2014,ILLINOIS,WOODFORD,CORN,CORN - ACRES PLANTED,"132,000"
2013,ILLINOIS,WOODFORD,CORN,CORN - ACRES PLANTED,"134,000"
2012,ILLINOIS,WOODFORD,CORN,CORN - ACRES PLANTED,"146,500"
2011,ILLINOIS,WOODFORD,CORN,CORN - ACRES PLANTED,"150,000"
2010,ILLINOIS,WOODFORD,CORN,CORN - ACRES PLANTED,"147,000"
2009,ILLINOIS,WOODFORD,CORN,CORN - ACRES PLANTED,"159,000"
2008,ILLINOIS,WOODFORD,CORN,CORN - ACRES PLANTED,"163,000"
2007,ILLINOIS,WOODFORD,CORN,CORN - ACRES PLANTED,"172,000"
2006,ILLINOIS,WOODFORD,CORN,CORN - ACRES PLANTED,"147,000"
2005,ILLINOIS,WOODFORD,CORN,CORN - ACRES PLANTED,"150,000"
2015,ILLINOIS,WOODFORD,OATS,OATS - ACRES PLANTED,600
2011,ILLINOIS,WOODFORD,OATS,OATS - ACRES PLANTED,500
2016,ILLINOIS,WOODFORD,WHEAT,"WHEAT, WINTER - ACRES PLANTED","2,200"
2015,ILLINOIS,WOODFORD,WHEAT,"WHEAT, WINTER - ACRES PLANTED","2,200"
2014,ILLINOIS,WOODFORD,WHEAT,"WHEAT, WINTER - ACRES PLANTED","1,600"
2013,ILLINOIS,WOODFORD,WHEAT,"WHEAT, WINTER - ACRES PLANTED","2,800"
2012,ILLINOIS,WOODFORD,WHEAT,"WHEAT, WINTER - ACRES PLANTED","1,900"
2011,ILLINOIS,WOODFORD,WHEAT,"WHEAT, WINTER - ACRES PLANTED","2,400"
2010,ILLINOIS,WOODFORD,WHEAT,"WHEAT, WINTER - ACRES PLANTED","1,200"
2009,ILLINOIS,WOODFORD,WHEAT,"WHEAT, WINTER - ACRES PLANTED","3,100"
2007,ILLINOIS,WOODFORD,WHEAT,"WHEAT, WINTER - ACRES PLANTED","3,800"
2006,ILLINOIS,WOODFORD,WHEAT,"WHEAT, WINTER - ACRES PLANTED","4,000"
2005,ILLINOIS,WOODFORD,WHEAT,"WHEAT, WINTER - ACRES PLANTED","2,400"
