"ID","State","Year","121","122","141","123","124","61","36","5","37","1","23","176","111","24","195","131","59","28","87","143","190","26","2","4","3","13","239","142","225","58","27","29","11","152","236","205","44","31","12","6","243","42","43","57","38","206","69","53","21","70","47","229","250","216","63","41","60","54","50","49","68","207","66","222","242","67","214","76","224","235","254","246","14","209","25","241","48"
"McNay","IA","2008"," 5.6"," 0.5"," 0.9",0,0,0," 0.8","12.3",0,"15.6",0,"63.7"," 0.6",0,0,0,0,0,0,0,0,0,0,0,0,0,0,0,0,0,0,0,0,0,0,0,0,0,0,0,0,0,0,0,0,0,0,0,0,0,0,0,0,0,0,0,0,0,0,0,0,0,0,0,0,0,0,0,0,0,0,0,0,0,0,0,0
"McNay","IA","2009"," 5.7"," 0.3"," 0.6",0,0,0," 0.2","11.6","16.4","19.4",0,"44.7"," 1.0",0,0,0,0," 0.1",0,0,0,0,0,0,0,0,0,0,0,0,0,0,0,0,0,0,0,0,0,0,0,0,0,0,0,0,0,0,0,0,0,0,0,0,0,0,0,0,0,0,0,0,0,0,0,0,0,0,0,0,0,0,0,0,0,0,0
"McNay","IA","2010"," 3.4"," 0.6"," 0.8",0,0,0," 1.0","18.4"," 3.8","13.9",0,"56.9"," 0.8",0,0,0,0," 0.4",0," 0.0"," 0.0",0,0,0,0,0,0,0,0,0,0,0,0,0,0,0,0,0,0,0,0,0,0,0,0,0,0,0,0,0,0,0,0,0,0,0,0,0,0,0,0,0,0,0,0,0,0,0,0,0,0,0,0,0,0,0,0
"McNay","IA","2011"," 3.4"," 0.7"," 1.0",0,0,0," 2.0","19.6","36.1","23.9",0,"11.1"," 1.6"," 0.0"," 0.1"," 0.1"," 0.0"," 0.2",0,0," 0.1",0,0,0,0,0,0,0,0,0,0,0,0," 0.1",0,0,0,0,0,0,0,0,0,0,0,0,0,0,0,0,0,0,0,0,0,0,0,0,0,0,0,0,0,0,0,0,0,0,0,0,0,0,0,0,0,0,0
"McNay","IA","2012"," 3.4"," 0.6"," 1.1",0,0,0," 4.2","23.9","25.3","14.9",0,"22.0"," 1.5",0," 0.6"," 0.0",0," 1.2",0,0," 0.0",0,0,0,0,0,0,0,0,0,0,0,0," 1.3",0,0,0,0,0,0,0,0,0,0,0,0,0,0,0,0,0,0,0,0,0,0,0,0,0,0,0,0,0,0,0,0,0,0,0,0,0,0,0,0,0,0,0
"McNay","IA","2013"," 3.4"," 0.6"," 1.1",0,0," 0.0"," 2.7","24.3","29.2","17.9",0,"16.7"," 1.7"," 0.1"," 0.2"," 0.0"," 0.0"," 0.7",0,0," 0.0",0,0,0,0,0,0,0,0,0," 0.0",0,0," 1.3",0,0,0,0,0,0,0,0,0,0,0,0,0,0,0,0,0,0,0,0,0,0,0,0,0,0,0,0,0,0,0,0,0,0,0,0,0,0,0,0,0,0,0
"Nashua","IA","2008"," 7.8"," 0.5"," 0.7"," 0.0",0,0," 0.2","37.8",0,"46.5",0," 6.6",0,0,0,0,0,0,0,0,0,0,0,0,0,0,0,0,0,0,0,0,0,0,0,0,0,0,0,0,0,0,0,0,0,0,0,0,0,0,0,0,0,0,0,0,0,0,0,0,0,0,0,0,0,0,0,0,0,0,0,0,0,0,0,0,0
"Nashua","IA","2009"," 7.4"," 0.3"," 0.7"," 0.1",0,0,0,"40.4",0,"45.4",0," 5.7",0,0,0,0,0,0,0,0,0,0,0,0,0,0,0,0,0,0,0,0,0,0,0,0,0,0,0,0,0,0,0,0,0,0,0,0,0,0,0,0,0,0,0,0,0,0,0,0,0,0,0,0,0,0,0,0,0,0,0,0,0,0,0,0,0
"Nashua","IA","2010"," 5.5"," 0.3"," 0.6"," 0.1"," 0.0",0," 1.3","37.8"," 0.0","46.1",0," 8.0"," 0.2",0," 0.1",0,0,0,0,0,0,0,0,0,0,0,0,0,0,0,0,0,0,0,0,0,0,0,0,0,0,0,0,0,0,0,0,0,0,0,0,0,0,0,0,0,0,0,0,0,0,0,0,0,0,0,0,0,0,0,0,0,0,0,0,0,0
"Nashua","IA","2011"," 6.6"," 0.5"," 0.5"," 0.1",0,0," 1.9","30.2"," 0.1","51.3",0," 8.5"," 0.2",0," 0.1"," 0.0",0,0,0,0," 0.0",0,0,0,0,0,0,0,0,0,0,0,0,0,0,0,0,0,0,0,0,0,0,0,0,0,0,0,0,0,0,0,0,0,0,0,0,0,0,0,0,0,0,0,0,0,0,0,0,0,0,0,0,0,0,0,0
"Nashua","IA","2012"," 6.7"," 0.6"," 0.8"," 0.1",0,0," 1.9","41.0"," 0.0","38.3",0,"10.3"," 0.3",0," 0.0"," 0.0",0,0,0,0," 0.1",0,0,0,0,0,0,0,0,0,0,0,0,0,0,0,0,0,0,0,0,0,0,0,0,0,0,0,0,0,0,0,0,0,0,0,0,0,0,0,0,0,0,0,0,0,0,0,0,0,0,0,0,0,0,0,0
"Nashua","IA","2013"," 6.9"," 0.4"," 0.5"," 0.0"," 0.0",0," 1.3","33.1",0,"46.1",0,"11.4"," 0.2",0," 0.0",0,0,0,0,0," 0.1",0,0,0,0,0,0,0,0,0,0,0,0,0,0,0,0,0,0,0,0,0,0,0,0,0,0,0,0,0,0,0,0,0,0,0,0,0,0,0,0,0,0,0,0,0,0,0,0,0,0,0,0,0,0,0,0
"Sutherland","IA","2008","10.9"," 1.3",0,0,0,0," 0.0","35.4",0,"46.0",0," 6.1",0,0,0," 0.0",0,0,0," 0.1",0,0,0,0,0,0,0,0,0,0,0,0,0,0,0,0,0,0,0,0,0,0,0,0,0,0,0,0,0,0,0,0,0,0,0,0,0,0,0,0,0,0,0,0,0,0,0,0,0,0,0,0,0,0,0,0,0
"Sutherland","IA","2009","11.0"," 1.1",0,0,0,0,0,"46.0",0,"36.2",0," 5.5",0,0,0,0,0,0,0," 0.1"," 0.0",0,0,0,0,0,0,0,0,0,0,0,0,0,0,0,0,0,0,0,0,0,0,0,0,0,0,0,0,0,0,0,0,0,0,0,0,0,0,0,0,0,0,0,0,0,0,0,0,0,0,0,0,0,0,0,0
"Sutherland","IA","2010"," 6.4"," 1.5"," 0.0"," 0.0",0,0," 0.0","47.7",0,"41.5",0," 2.7",0,0," 0.1",0,0,0,0," 0.1",0,0,0,0,0,0,0,0,0,0,0,0,0,0,0,0,0,0,0,0,0,0,0,0,0,0,0,0,0,0,0,0,0,0,0,0,0,0,0,0,0,0,0,0,0,0,0,0,0,0,0,0,0,0,0,0,0
"Sutherland","IA","2011"," 8.8"," 0.3",0," 0.0",0,0,0,"41.3",0,"41.2",0," 8.0",0,0," 0.3",0,0,0,0," 0.1",0,0,0,0,0,0,0,0,0,0,0,0,0,0,0,0,0,0,0,0,0,0,0,0,0,0,0,0,0,0,0,0,0,0,0,0,0,0,0,0,0,0,0,0,0,0,0,0,0,0,0,0,0,0,0,0,0
"Sutherland","IA","2012"," 8.6"," 0.6",0," 0.0",0,0," 0.3","31.5",0,"52.6",0," 5.7"," 0.0",0," 0.6"," 0.0",0,0,0," 0.0",0,0,0,0,0,0,0,0,0,0,0,0,0,0,0,0,0,0,0,0,0,0,0,0,0,0,0,0,0,0,0,0,0,0,0,0,0,0,0,0,0,0,0,0,0,0,0,0,0,0,0,0,0,0,0,0,0
"Sutherland","IA","2013"," 8.5"," 0.9"," 0.0"," 0.1",0,0," 0.1","44.5"," 0.0","38.9",0," 5.9"," 0.0"," 0.4"," 0.5"," 0.0",0," 0.2",0," 0.0",0,0,0,0,0,0,0,0,0,0,0,0,0,0,0,0,0,0,0,0,0,0,0,0,0,0,0,0,0,0,0,0,0,0,0,0,0,0,0,0,0,0,0,0,0,0,0,0,0,0,0,0,0,0,0,0,0
"Ames","IA","2009"," 9.4"," 3.9"," 0.0"," 0.4"," 0.1",0,0,"32.9",0,"45.5",0," 7.2",0," 0.0",0," 0.0",0," 0.3"," 0.1",0,0,0,0,0,0,0,0,0,0,0,0,0,0,0,0,0,0,0,0,0,0,0,0,0,0,0,0,0,0,0,0,0,0,0,0,0,0,0,0,0,0,0,0,0,0,0,0,0,0,0,0,0,0,0,0,0,0
"Ames","IA","2010"," 7.1"," 2.8"," 0.0"," 1.1"," 0.2"," 0.0"," 0.2","29.1"," 0.2","49.9",0," 8.9"," 0.0",0,0," 0.3"," 0.0"," 0.1"," 0.0",0," 0.0",0,0,0,0,0,0,0,0,0,0,0,0,0,0,0,0,0,0,0,0,0,0,0,0,0,0,0,0,0,0,0,0,0,0,0,0,0,0,0,0,0,0,0,0,0,0,0,0,0,0,0,0,0,0,0,0
"Ames","IA","2011"," 8.1"," 2.5"," 0.0"," 1.1"," 0.1",0," 0.3","41.2"," 0.1","37.9",0," 7.2"," 0.1",0," 0.4"," 0.5",0," 0.5",0,0,0,0,0,0,0,0,0,0,0,0,0,0,0,0,0,0,0,0,0,0,0,0,0,0,0,0,0,0,0,0,0,0,0,0,0,0,0,0,0,0,0,0,0,0,0,0,0,0,0,0,0,0,0,0,0,0,0
"Ames","IA","2012"," 8.5"," 2.4"," 0.1"," 1.1"," 0.2"," 0.0"," 0.2","17.4"," 0.0","59.2",0," 9.0"," 0.1",0," 0.7"," 0.4",0," 0.6",0,0,0,0,0,0,0,0,0,0,0,0,0,0,0,0,0,0,0,0,0,0,0,0,0,0,0,0,0,0,0,0,0,0,0,0,0,0,0,0,0,0,0,0,0,0,0,0,0,0,0,0,0,0,0,0,0,0,0
"Ames","IA","2013"," 8.2"," 2.5"," 0.0"," 1.3"," 0.2",0,0,"18.7"," 0.1","59.7",0," 8.4"," 0.1",0," 0.1"," 0.4",0," 0.3",0,0,0,0,0,0,0,0,0,0,0,0,0,0,0,0,0,0,0,0,0,0,0,0,0,0,0,0,0,0,0,0,0,0,0,0,0,0,0,0,0,0,0,0,0,0,0,0,0,0,0,0,0,0,0,0,0,0,0
"Brownstown","IL","2008"," 7.0"," 0.7","49.8"," 0.0",0,0,0,"21.9",0," 4.0",0,"13.2"," 0.4"," 0.6",0,0,0,0,0,0,0," 2.3",0,0,0,0,0," 0.1",0,0,0,0,0,0,0,0,0,0,0,0,0,0,0,0,0,0,0,0,0,0,0,0,0,0," 0.0",0,0,0,0,0,0,0,0,0,0,0,0,0,0,0,0,0,0,0,0,0,0
"Brownstown","IL","2009"," 6.8"," 0.6","49.7"," 0.0",0,0,0,"22.3",0," 3.6",0,"13.1"," 0.3"," 0.8",0,0,0,0,0,0,0," 2.6",0,0,0,0,0," 0.1",0,0,0,0,0,0,0,0,0,0,0,0,0,0,0,0,0,0,0,0,0,0,0,0,0,0,0,0,0,0,0,0,0,0,0,0,0,0,0,0,0,0,0,0,0,0,0,0,0
"Brownstown","IL","2010"," 4.6"," 0.8","45.8"," 0.0"," 0.0",0,0," 7.8"," 0.0","29.2",0,"11.1"," 0.5"," 0.1",0," 0.0",0,0,0,0," 0.1",0,0,0,0,0,0,0,0,0,0,0,0,0,0,0,0,0,0,0,0,0,0,0,0,0,0,0,0,0,0,0,0,0,0,0,0,0,0,0,0,0,0,0,0,0,0,0,0,0,0,0,0,0,0,0,0
"Brownstown","IL","2011"," 5.6"," 0.9","46.1"," 0.1"," 0.0",0," 0.1","30.7"," 2.1"," 6.7",0," 3.1"," 0.6"," 0.2",0," 0.0",0,0,0,0,0," 3.8",0,0,0,0,0," 0.1",0," 0.0",0,0,0,0,0,0,0,0,0,0,0,0,0,0,0,0,0,0,0,0,0,0,0,0,0,0,0,0,0,0,0,0,0,0,0,0,0,0,0,0,0,0,0,0,0,0,0
"Brownstown","IL","2012"," 5.3"," 0.9","46.3"," 0.0",0,0,0," 8.7"," 0.1","22.9",0,"11.1"," 0.5"," 0.0",0,0,0,0,0,0,0," 4.1",0,0,0,0,0," 0.0",0,0,0,0,0,0,0,0,0,0,0,0,0,0,0,0,0,0,0,0,0,0,0,0,0,0,0,0,0,0,0,0,0,0,0,0,0,0,0,0,0,0,0,0,0,0,0,0,0
"Brownstown","IL","2013"," 5.8"," 0.7","45.8"," 0.1",0,0," 0.0","27.9"," 0.0"," 7.1",0,"11.4"," 0.5"," 0.3",0," 0.0",0,0,0,0,0," 0.0",0,0,0,0,0," 0.0",0," 0.3",0,0,0,0,0,0,0,0,0,0,0,0,0,0,0,0,0,0,0,0,0,0,0,0,0,0,0,0,0,0,0,0,0,0,0,0,0,0,0,0,0,0,0,0,0,0,0
"Dekalb","IL","2008"," 5.7"," 1.8"," 0.5"," 0.1"," 0.0",0,0,"24.6",0,"65.4",0," 1.9",0,0,0,0,0,0,0,0,0,0,0,0,0,0,0,0,0,0,0,0,0,0,0,0,0,0,0,0,0,0,0,0,0,0,0,0,0,0,0,0,0,0,0,0,0,0,0,0,0,0,0,0,0,0,0,0,0,0,0,0,0,0,0,0,0
"Dekalb","IL","2009"," 5.9"," 2.2"," 0.4"," 0.1",0,0,0,"20.3",0,"60.4",0," 2.3",0," 8.2",0," 0.1",0,0,0,0,0,0,0,0,0,0,0," 0.0",0,0,0,0,0,0,0,0,0,0," 0.0",0,0,0,0,0,0,0,0,0,0,0,0,0,0,0,0,0,0,0,0,0,0,0,0,0,0,0,0,0,0,0,0,0,0,0,0,0,0
"Dekalb","IL","2010"," 3.2"," 1.9"," 0.3"," 0.1"," 0.1",0," 0.0","29.8",0,"62.1",0," 2.1",0," 0.2",0," 0.0",0,0,0,0,0," 0.0",0,0,0,0,0,0,0,0,0,0,0," 0.0",0,0,0,0," 0.1",0,0,0,0,0,0,0,0,0,0,0,0,0,0,0,0,0,0,0,0,0,0,0,0,0,0,0,0,0,0,0,0,0,0,0,0,0,0
"Dekalb","IL","2011"," 3.4"," 2.0"," 0.4"," 0.1"," 0.1",0," 0.2","19.6",0,"71.2",0," 0.7",0," 2.3"," 0.0"," 0.1",0,0,0,0," 0.0",0,0,0,0,0,0,0,0,0,0,0,0,0,0,0,0,0,0,0,0,0,0,0,0,0,0,0,0,0,0,0,0,0,0,0,0,0,0,0,0,0,0,0,0,0,0,0,0,0,0,0,0,0,0,0,0
"Dekalb","IL","2012"," 2.9"," 2.1"," 0.3"," 0.1"," 0.1"," 0.0",0,"16.5",0,"75.8",0," 1.8"," 0.0"," 0.1",0," 0.1",0," 0.0",0,0,0,0,0,0,0,0,0,0,0,0,0,0,0,0,0,0,0,0," 0.1",0,0,0,0,0,0,0,0,0,0,0,0,0,0,0,0,0,0,0,0,0,0,0,0,0,0,0,0,0,0,0,0,0,0,0,0,0,0
"Dekalb","IL","2013"," 2.9"," 2.0"," 0.3"," 0.1"," 0.1",0," 0.0","25.9"," 0.0","66.6",0," 1.9",0," 0.1",0," 0.0",0," 0.0",0,0,0,0,0,0,0,0,0,0,0,0,0,0,0,0,0,0,0,0,0,0,0,0,0,0,0,0,0,0,0,0,0,0,0,0,0,0,0,0,0,0,0,0,0,0,0,0,0," 0.0",0,0,0,0,0,0,0,0,0
"DixonSprings","IL","2008"," 7.7"," 0.7","49.8"," 0.0",0,0,0," 0.2",0," 0.7",0,"36.1"," 0.2",0,0,0,0,0,0,0,0,0,0," 0.5",0,0,0," 4.0",0,0,0,0,0,0,0,0,0,0,0,0,0,0,0,0,0,0,0,0,0,0,0,0,0,0,0,0,0,0,0,0,0,0,0,0,0,0,0,0,0,0,0,0,0,0,0,0,0
"DixonSprings","IL","2009"," 8.2"," 0.8","51.0"," 0.0",0,0,0," 1.6"," 5.5"," 0.1",0,"28.9"," 0.2",0,0,0,0,0,0,0,0,0,0,0,0,0,0," 3.7",0,0,0,0,0,0,0,0,0,0,0,0,0,0,0,0,0,0,0,0,0,0,0,0,0,0,0,0,0,0,0,0,0,0,0,0,0,0,0,0,0,0,0,0,0,0,0,0,0
"DixonSprings","IL","2010"," 6.4"," 1.0","50.1"," 0.1",0," 0.0",0," 2.8"," 3.4"," 0.6",0,"32.6"," 0.3"," 0.0",0,0,0,0,0,0," 0.0",0,0,0,0,0,0," 2.7",0,0,0,0,0,0,0,0,0,0,0,0,0,0,0,0,0,0,0,0,0,0,0,0,0,0,0,0,0,0,0,0,0,0,0,0,0,0,0,0,0,0,0,0,0,0,0,0,0
"DixonSprings","IL","2011"," 9.8"," 1.0","49.5"," 0.1",0," 0.4",0," 5.0","23.3"," 2.7",0," 3.7"," 0.5",0," 0.1",0,0,0,0,0," 0.0"," 0.1",0," 0.0",0,0,0," 3.7",0," 0.0",0,0,0,0,0,0,0,0,0,0,0,0,0,0,0,0,0,0,0,0," 0.0",0,0,0,0,0,0,0,0,0,0,0,0,0,0,0,0,0,0,0,0,0,0,0,0,0,0
"DixonSprings","IL","2012"," 9.5"," 1.3","49.3"," 0.1",0,0,0," 1.6"," 2.3"," 1.8",0,"30.3"," 0.3",0,0,0,0,0,0," 0.0"," 0.0",0,0," 0.0",0,0,0," 3.4",0,0,0,0,0,0,0,0,0,0,0,0,0,0,0,0,0,0,0,0,0,0,0,0,0,0,0,0,0,0,0,0,0,0,0,0,0,0,0,0,0,0,0,0,0,0,0,0,0
"DixonSprings","IL","2013"," 9.7"," 1.2","49.9"," 0.1",0,0,0," 2.7"," 5.6"," 0.7",0,"27.1"," 0.3",0,0,0,0,0,0,0,0,0,0," 0.0",0,0,0," 2.7",0,0,0,0,0,0,0,0,0,0,0,0,0,0,0,0,0,0,0,0,0,0,0,0,0,0,0,0,0,0,0,0,0,0,0,0,0,0,0,0,0," 0.1",0,0,0,0,0,0,0
"Freeport","IL","2008"," 5.7"," 2.7"," 5.0"," 0.0",0,0,0,"23.5",0,"48.5",0,"14.5"," 0.0",0,0,0,0,0,0,0,0,0,0,0,0,0,0,0,0,0,0,0,0,0,0,0,0,0,0,0,0,0,0,0,0,0,0,0,0,0,0,0,0,0,0,0,0,0,0,0,0,0,0,0,0,0,0,0,0,0,0,0,0,0,0,0,0
"Freeport","IL","2009"," 5.7"," 2.8"," 4.7"," 0.0",0,0,0,"30.2",0,"42.5",0,"13.7",0," 0.2",0," 0.0",0,0,0,0,0,0,0,0,0,0,0,0,0,0,0,0,0,0,0,0,0,0,0,0,0,0,0,0,0,0,0,0,0,0,0,0,0,0,0,0,0,0,0,0,0,0,0,0,0,0,0,0,0,0,0,0,0,0,0,0,0
"Freeport","IL","2010"," 2.6"," 2.8"," 3.6"," 0.1",0,0," 0.1","13.3"," 0.0","61.9",0,"15.5"," 0.1",0,0," 0.0",0,0,0,0," 0.0",0,0,0,0,0,0,0,0,0,0,0,0,0,0,0,0,0,0,0,0,0,0,0,0,0,0,0,0,0,0,0,0,0,0,0,0,0,0,0,0,0,0,0,0,0,0,0,0,0,0,0,0,0,0,0,0
"Freeport","IL","2011"," 2.8"," 2.7"," 5.6"," 0.1",0,0," 2.6","26.8"," 0.4","55.6",0," 3.1"," 0.0"," 0.0"," 0.1"," 0.1",0,0,0,0," 0.0",0,0,0,0,0,0,0,0,0,0,0,0," 0.1",0,0,0,0,0,0,0,0,0,0,0,0,0,0,0,0,0,0,0,0,0,0,0,0,0,0,0,0,0,0,0,0,0,0,0,0,0,0,0,0,0,0,0
"Freeport","IL","2012"," 2.6"," 2.8"," 3.7"," 0.1"," 0.0",0," 0.2","15.1",0,"61.4",0,"13.9"," 0.0"," 0.0",0," 0.1",0,0,0,0," 0.0",0,0,0,0,0,0,0,0,0,0,0,0,0,0,0," 0.0",0,0,0,0,0,0,0,0,0,0,0,0,0,0,0,0,0,0,0,0,0,0,0,0,0,0,0,0,0,0,0,0,0,0,0,0,0,0,0,0
"Freeport","IL","2013"," 2.6"," 2.9"," 3.7"," 0.1",0,0," 0.4","18.9",0,"56.7",0,"14.6",0," 0.1",0," 0.1",0,0,0,0," 0.0",0,0,0,0,0,0,0,0,0,0,0,0,0,0,0,0,0,0,0,0,0,0,0,0,0,0,0,0,0,0,0,0,0,0,0,0,0,0,0,0,0,0,0,0,0,0,0,0,0,0,0,0,0,0,0,0
"Joilet","IL","2008"," 7.6"," 6.4","36.6"," 0.2"," 0.2",0," 1.8"," 7.2",0,"11.8",0,"21.3"," 3.2",0,0,0," 0.4",0,0,0," 3.3",0,0,0,0,0,0,0,0,0,0,0,0,0,0,0," 0.1",0,0,0,0,0,0,0,0,0,0,0,0,0,0,0,0,0,0,0,0,0,0,0,0,0,0,0,0,0,0,0,0,0,0,0,0,0,0,0,0
"Joilet","IL","2009"," 6.4"," 6.5","32.1"," 0.2"," 0.3",0,0," 6.8"," 1.7","13.0",0,"19.6"," 5.0"," 0.0"," 0.2",0,0," 0.1",0,0," 8.2",0,0,0,0,0,0,0,0,0,0,0,0,0,0,0,0,0,0,0,0,0,0,0,0,0,0,0,0,0,0,0,0,0,0,0,0,0,0,0,0,0,0,0,0,0,0,0,0,0,0,0,0,0,0,0,0
"Joilet","IL","2010"," 5.9"," 5.8","34.8"," 0.3"," 0.3",0," 2.7"," 4.2"," 0.1","18.5",0,"22.4"," 3.8"," 0.2",0,0,0,0,0,0," 1.1",0,0,0,0,0,0,0,0,0,0,0,0,0,0,0,0,0,0,0,0,0,0,0,0,0,0,0,0,0,0,0,0,0,0,0,0,0,0,0,0,0,0,0,0,0,0,0,0,0,0,0,0,0,0,0,0
"Joilet","IL","2011"," 5.7"," 6.0","35.7"," 0.3"," 0.3",0," 3.5","12.8"," 0.3","10.3",0,"19.7"," 3.5"," 0.6",0," 0.1",0,0,0,0," 0.9",0,0,0,0,0,0,0," 0.0",0,0,0,0,0,0,0,0,0,0,0,0,0,0,0,0,0," 0.2",0,0,0,0,0,0,0,0,0,0,0,0,0,0,0,0,0,0,0,0,0,0,0,0,0,0,0,0,0,0
"Joilet","IL","2012"," 5.5"," 6.1","32.8"," 0.4"," 0.3",0," 1.6"," 5.1",0,"17.6",0,"22.8"," 3.8"," 0.5"," 0.0"," 0.1",0,0,0," 0.0"," 3.1"," 0.3",0,0,0,0,0,0,0,0,0,0,0,0,0,0,0,0,0,0,0,0,0,0,0,0,0,0,0,0,0,0,0,0,0,0,0,0,0,0,0,0,0,0,0,0,0,0," 0.1",0,0,0,0,0,0,0,0
"Joilet","IL","2013"," 5.5"," 6.0","24.7"," 0.3"," 0.3",0," 1.4"," 7.3"," 0.1","13.6",0,"22.7"," 4.0"," 2.5"," 0.1"," 0.1",0,0,0,0,"11.3",0,0,0,0,0,0,0,0,0,0,0,0,0,0,0,0,0,0,0,0,0,0,0,0,0,0,0,0,0,0,0,0,0,0,0,0,0,0,0,0,0,0,0,0,0,0,0,0,0,0,0,0,0,0,0,0
"Metamora","IL","2008"," 4.6"," 3.0"," 0.4"," 0.1",0,0," 0.1","38.7",0,"47.9",0," 4.5"," 0.6",0,0,0,0,0,0,0,0,0,0,0,0,0,0,0,0,0,0,0,0,0,0,0,0,0,0,0,0,0,0,0,0,0,0,0,0,0,0,0,0,0," 0.0",0,0,0,0,0,0,0,0,0,0,0,0,0,0,0,0,0,0,0,0,0,0
"Metamora","IL","2009"," 5.0"," 2.7"," 0.2",0,0,0," 0.0","30.3",0,"56.6",0," 4.4"," 0.6",0," 0.0",0,0,0,0,0,0,0,0,0,0,0,0,0,0,0,0,0,0,0,0,0,0,0,0,0,0,0,0,0,0,0,0,0,0,0," 0.0",0,0,0,0,0,0,0,0,0,0,0,0,0,0,0,0,0,0,0,0,0,0,0,0,0,0
"Metamora","IL","2010"," 2.3"," 2.7"," 0.2"," 0.1",0,0," 0.1","44.5",0,"44.2",0," 5.3"," 0.4"," 0.0"," 0.1"," 0.1",0,0,0,0,0,0,0,0,0,0,0,0,0,0,0,0,0,0,0,0,0,0,0,0,0,0,0,0,0,0,0,0,0,0,0,0,0,0,0,0,0,0,0,0,0,0,0,0,0,0,0,0,0,0,0,0,0,0,0,0,0
"Metamora","IL","2011"," 1.6"," 3.1"," 0.2"," 0.2",0," 0.1"," 0.9","32.8"," 0.1","58.3",0," 1.1"," 0.4"," 1.2"," 0.0"," 0.0",0,0,0,0,0,0,0,0,0,0,0,0,0,0,0,0,0,0,0,0,0,0," 0.0",0,0,0,0,0,0,0,0," 0.0",0,0,0,0,0,0,0,0,0,0,0,0,0,0,0,0,0,0,0,0,0,0,0,0,0,0,0,0,0
"Metamora","IL","2012"," 2.2"," 2.5"," 0.2"," 0.2",0,0," 0.1","38.6",0,"49.5",0," 6.1"," 0.5",0," 0.1"," 0.0",0,0,0,0,0,0,0,0,0,0,0,0,0,0,0,0,0,0,0,0,0,0,0,0,0,0,0,0,0,0,0,0,0,0,0,0,0,0,0,0,0,0,0,0,0,0,0,0,0,0,0,0,0,0,0,0,0,0,0,0,0
"Metamora","IL","2013"," 2.1"," 2.6"," 0.2"," 0.1",0,0," 0.0","40.4",0,"48.0",0," 5.8"," 0.7"," 0.0",0," 0.0",0,0,0,0,0,0,0,0,0,0,0,0,0,0,0,0,0,0,0,0,0,0,0,0,0,0,0,0,0,0,0,0,0,0,0,0,0,0,0,0,0,0,0,0,0,0,0,0,0,0,0,0,0,0,0,0,0,0,0,0,0
"Monmouth","IL","2008"," 4.7"," 2.2"," 3.6",0,0,0,0,"32.8",0,"49.5",0," 6.9",0," 0.2",0,0,0,0,0,0,0,0,0,0,0,0,0,0,0,0,0,0,0,0,0,0,0,0,0,0,0,0,0,0,0,0,0,0,0,0,0,0,0,0,0,0,0,0,0,0,0,0,0,0,0,0,0,0,0,0,0,0,0,0,0,0,0
"Monmouth","IL","2009"," 5.3"," 1.9"," 3.5",0,0,0,0,"35.2",0,"49.8",0," 4.3",0,0,0,0,0,0,0,0,0,0,0,0,0,0,0,0,0,0,0,0,0,0,0,0,0,0,0,0,0,0,0,0,0,0,0,0,0,0,0,0,0,0,0,0,0,0,0,0,0,0,0,0,0,0,0,0,0,0,0,0,0,0,0,0,0
"Monmouth","IL","2010"," 1.6"," 1.9"," 3.1"," 0.1"," 0.0",0," 0.0","36.8"," 0.0","50.2",0," 6.1",0," 0.1",0,0,0," 0.1",0,0,0,0,0,0,0,0,0,0,0,0,0,0,0,0,0,0,0,0,0,0,0,0,0,0,0,0,0,0,0,0,0,0,0,0,0,0,0,0,0,0,0,0,0,0,0,0,0,0,0,0,0,0,0,0,0,0,0
"Monmouth","IL","2011"," 2.0"," 2.0"," 3.1"," 0.0"," 0.0",0," 2.8","41.9"," 0.4","43.4",0," 0.8",0," 3.3"," 0.1"," 0.0",0," 0.0",0,0,0,0,0,0,0,0,0,0,0,0,0,0,0,0,0,0,0,0,0,0,0,0,0,0,0,0,0,0,0,0,0,0,0,0,0,0,0,0,0,0,0,0,0,0,0,0,0,0,0,0,0,0,0,0,0,0,0
"Monmouth","IL","2012"," 1.9"," 2.0"," 3.1"," 0.1"," 0.0",0," 0.1","31.4",0,"53.4",0," 8.0"," 0.0",0," 0.0",0,0," 0.0",0,0,0,0,0,0,0,0,0,0,0,0,0,0,0,0,0,0,0,0,0,0,0,0,0,0,0,0,0,0,0,0,0,0,0,0,0,0,0,0,0,0,0,0,0,0,0,0,0,0,0,0,0,0,0,0,0,0,0
"Monmouth","IL","2013"," 2.1"," 1.9"," 3.1"," 0.1"," 0.0",0," 0.2","42.0",0,"42.3",0," 7.9"," 0.0"," 0.3",0," 0.0",0,0,0,0,0,0,0,0,0,0,0,0,0,0,0,0,0,0,0,0,0,0,0,0,0,0,0,0,0,0,0,0,0,0,0,0,0,0,0,0,0,0,0,0,0,0,0,0,0,0,0,0,0,0,0,0,0,0,0,0,0
"MorrisIL","IL","2008","12.3","58.6"," 5.6","12.8"," 4.9",0,0," 0.0",0," 0.1",0," 4.9"," 0.2",0,0," 0.1",0,0,0,0," 0.4",0,0,0,0,0,0,0,0,0,0,0,0,0,0,0,0,0,0,0,0,0,0,0,0,0,0,0,0,0,0,0,0,0,0,0,0,0,0,0,0,0,0,0,0,0,0,0,0,0,0,0,0,0,0,0,0
"MorrisIL","IL","2009","10.9","57.5"," 6.0","14.5"," 5.1",0,0," 0.0",0," 0.0",0," 5.5"," 0.2",0,0,0,0,0,0,0," 0.3",0,0,0,0,0,0,0,0,0,0,0,0,0,0,0,0,0,0,0,0,0,0,0,0,0,0,0,0,0,0,0,0,0,0,0,0,0,0,0,0,0,0,0,0,0,0,0,0,0,0,0,0,0,0,0,0
"MorrisIL","IL","2010","14.1","53.0"," 6.0","13.7"," 5.7",0," 0.0"," 0.1",0," 0.3",0," 6.4"," 0.3",0,0," 0.1"," 0.1",0,0,0," 0.3",0,0,0,0,0,0,0,0,0,0,0,0,0,0,0,0,0,0,0,0,0,0,0,0,0,0,0,0,0,0,0,0,0,0,0,0,0,0,0,0,0,0,0,0,0,0,0,0,0,0,0,0,0,0,0,0
"MorrisIL","IL","2011","15.7","52.1"," 5.9","14.3"," 5.9",0," 0.2"," 0.1"," 0.0"," 0.1",0," 5.2"," 0.4"," 0.0",0," 0.0",0,0,0,0," 0.1",0,0,0,0,0,0,0,0,0,0,0,0,0,0,0,0,0,0,0,0,0,0,0,0,0,0,0,0,0,0,0,0,0,0,0,0,0,0,0,0,0,0,0,0,0,0,0,0,0,0,0,0,0,0,0,0
"MorrisIL","IL","2012","14.4","52.7"," 4.6","15.0"," 5.9",0," 0.0"," 0.0",0," 0.1",0," 5.5"," 0.5",0,0," 0.0",0,0,0," 0.0"," 1.3",0,0,0,0,0,0,0,0,0,0,0,0,0,0,0,0,0,0,0,0,0,0,0,0,0,0,0,0,0,0,0,0,0,0,0,0,0,0,0,0,0,0,0,0,0,0,0,0,0,0,0,0,0,0,0,0
"MorrisIL","IL","2013","15.1","52.2"," 4.4","14.8"," 5.9",0," 0.1"," 0.2"," 0.0"," 0.2",0," 5.2"," 0.5",0,0," 0.1",0,0,0," 0.0"," 1.5",0,0,0,0,0,0,0,0,0,0,0,0,0,0,0,0,0,0,0,0,0,0,0,0,0,0,0,0,0,0,0,0,0,0,0,0,0,0,0,0,0,0,0,0,0,0,0,0,0,0,0,0,0,0,0,0
"Perry","IL","2008"," 2.1"," 3.8","27.7"," 0.1",0,0," 0.3"," 9.6",0,"29.9",0,"24.4"," 0.3"," 0.7",0,0,0,0,0,0,0," 1.1",0,0,0,0,0,0,0,0,0,0,0,0,0,0,0,0,0,0,0,0,0,0,0,0,0,0,0,0,0,0,0,0,0,0,0,0,0,0,0,0,0,0,0,0,0,0,0,0,0,0,0,0,0,0,0
"Perry","IL","2009"," 1.5"," 4.0","27.8"," 0.2",0,0," 0.0"," 6.2"," 0.2","38.1",0,"21.5"," 0.2"," 0.3",0,0,0,0,0,0,0,0,0,0,0,0,0,0,0,0,0,0,0,0,0,0,0,0,0,0,0,0,0,0,0,0,0,0,0,0,0,0,0,0,0,0,0,0,0,0,0,0,0,0,0,0,0,0,0,0,0,0,0,0,0,0,0
"Perry","IL","2010"," 0.9"," 3.5","23.7"," 0.2"," 0.0",0," 0.3","16.6"," 0.2","35.9",0,"18.4"," 0.2"," 0.0",0," 0.0",0,0,0,0," 0.0",0,0,0,0,0,0,0,0," 0.0",0,0,0,0,0,0,0,0,0,0,0,0,0,0,0,0,0,0,0,0,0,0,0,0,0,0,0,0,0,0,0,0,0,0,0,0,0,0,0,0,0,0,0,0,0,0,0
"Perry","IL","2011"," 1.2"," 3.4","23.7"," 0.2"," 0.0"," 0.0"," 3.1","21.1"," 6.7","37.2",0," 2.1"," 0.4"," 0.2"," 0.4"," 0.1",0,0,0,0," 0.0",0,0,0,0,0,0,0,0," 0.0",0,0,0," 0.1",0,0,0,0,0,0,0,0,0,0,0,0,0,0,0,0,0,0,0,0,0,0,0,0,0,0,0,0,0,0,0,0,0," 0.1",0,0,0,0,0,0,0,0,0
"Perry","IL","2012"," 1.1"," 3.5","23.5"," 0.2"," 0.0",0," 0.1","12.0"," 0.0","39.8",0,"18.2"," 0.2"," 0.3"," 0.1"," 0.0",0,0,0,0," 0.2"," 0.7",0,0,0,0,0,0,0," 0.0",0,0,0," 0.0",0,0,0,0,0,0,0,0,0,0,0,0,0,0,0,0,0,0,0,0,0,0,0,0,0,0,0,0,0,0,0,0,0,0,0,0,0,0,0,0,0,0,0
"Perry","IL","2013"," 1.2"," 3.5","23.7"," 0.2"," 0.0",0," 0.4","13.4"," 0.0","38.1",0,"19.2"," 0.2"," 0.0",0,0,0,0,0,0,0," 0.1",0," 0.0",0,0,0,0,0,0,0,0,0,0,0,0,0,0,0,0,0,0,0,0,0,0,0,0,0,0,0,0,0,0,0,0,0,0,0,0,0,0,0,0,0,0,0,0,0,0,0,0,0,0,0,0,0
"Urbana","IL","2008","12.1","39.6",0,"35.8","11.3",0,0,0,0," 0.0",0," 1.0"," 0.0"," 0.1",0,0,0,0,0,0,0,0,0,0,0,0,0,0,0,0,0,0,0,0,0,0,0,0,0,0,0,0,0,0,0,0,0,0,0,0,0,0,0,0,0,0,0,0,0,0,0,0,0,0,0,0,0,0,0,0,0,0,0,0,0,0,0
"Urbana","IL","2009","12.8","39.7"," 0.0","34.3","11.7",0," 0.0",0," 0.0"," 0.3",0," 0.9"," 0.1"," 0.0",0,0,0,0,0,0,0,0,0,0,0,0,0,0,0,0,0,0,0,0,0,0,0,0,0,0,0,0,0,0,0,0,0,0,0,0,0,0,0,0,0,0,0,0,0,0,0,0,0,0,0,0,0,0,0,0,0,0,0,0,0,0,0
"Urbana","IL","2010","14.8","37.7"," 0.0","31.4","14.4",0," 0.1"," 0.0"," 0.0"," 0.1",0," 1.3"," 0.2",0,0,0,0,0,0,0,0,0,0,0,0,0,0,0,0,0,0,0,0,0,0,0,0,0,0,0,0,0,0,0,0,0,0,0,0,0,0,0,0,0,0,0,0,0,0,0,0,0,0,0,0,0,0,0,0,0,0,0,0,0,0,0,0
"Urbana","IL","2011","15.1","37.7"," 0.0","31.2","14.3"," 0.0"," 1.0"," 0.1"," 0.2"," 0.1",0," 0.1"," 0.2",0,0,0,0,0,0,0,0," 0.1",0,0,0,0,0,0,0," 0.0",0,0,0,0,0,0,0,0,0,0,0,0,0,0,0,0,0,0,0,0,0,0,0,0,0,0,0,0,0,0,0,0,0,0,0,0,0,0,0,0,0,0,0,0,0,0,0
"Urbana","IL","2012","15.1","37.9"," 0.0","31.1","14.2",0," 0.2",0,0," 0.0",0," 1.3"," 0.1"," 0.1",0,0,0,0,0,0,0,0,0,0,0,0,0,0,0,0,0,0,0,0,0,0,0,0,0,0,0,0,0,0,0,0,0,0,0,0,0,0,0,0,0,0,0,0,0,0,0,0,0,0,0,0,0,0,0,0,0,0,0,0,0,0,0
"Urbana","IL","2013","14.7","38.1"," 0.1","31.5","13.8",0,0," 0.0",0," 0.2",0," 1.4"," 0.2",0,0," 0.1",0,0,0,0,0,0,0,0,0,0,0,0,0,0,0,0,0,0,0,0,0,0,0,0,0,0,0,0,0,0,0,0,0,0,0,0,0,0,0,0,0,0,0,0,0,0,0,0,0,0,0,0,0,0,0,0,0,0,0,0,0
"ACRE","IN","2008","11.8"," 8.2","20.7"," 0.5",0,0," 1.6","16.5",0,"16.8",0,"20.2"," 0.2"," 3.4",0,0,0,0,0,0,0,0,0,0,0,0,0,0,0,0,0,0,0,0,0,0,0,0,0,0,0,0,0,0,0,0,0,0,0,0,0,0,0,0,0,0,0,0,0,0,0,0,0,0,0,0,0,0,0,0,0,0,0,0,0,0,0
"ACRE","IN","2009","12.1"," 8.6","22.3"," 0.4",0,0," 0.7","21.5"," 0.3","16.2",0,"17.5"," 0.1"," 0.2",0,0,0," 0.0",0,0,0,0,0,0,0,0,0,0,0,0,0,0,0,0,0,0,0,0,0,0,0,0,0,0,0,0,0,0,0,0,0,0,0,0,0,0,0,0,0,0,0,0,0,0,0,0,0,0,0,0,0,0,0,0,0,0,0
"ACRE","IN","2010"," 8.8"," 7.4","20.4"," 0.6"," 0.1",0," 0.0","22.6"," 0.1","18.9",0,"20.5"," 0.1"," 0.5",0," 0.0",0,0,0,0," 0.0"," 0.1",0,0,0," 0.0",0,0,0,0,0,0,0,0,0,0,0,0,0,0,0,0,0,0,0,0,0,0,0,0,0,0,0,0,0,0,0,0,0,0,0,0,0,0,0,0,0,0,0,0,0,0,0,0,0,0,0
"ACRE","IN","2011"," 9.6"," 8.8","20.7"," 0.8"," 0.1"," 0.0"," 0.2","17.1",0,"23.4",0,"18.0"," 0.1"," 0.5",0," 0.0",0," 0.0",0,0,0," 0.2",0,0,0," 0.3",0,0,0,0,0,0,0,0,0,0,0,0,0,0,0,0,0,0,0,0,0,0,0,0,0,0,0,0,0,0,0,0,0,0,0,0,0,0,0,0,0,0,0,0,0,0,0,0,0,0,0
"ACRE","IN","2012","10.3"," 8.2","20.4"," 0.7"," 0.1",0," 0.2","23.8"," 0.2","17.3",0,"17.4"," 0.1"," 1.3",0," 0.0",0,0,0,0," 0.0"," 0.0",0,0,0,0,0,0,0,0,0,0,0,0,0,0,0,0,0,0,0,0,0,0,0,0,0,0,0,0,0,0,0,0,0,0,0,0,0,0,0,0,0,0,0,0,0,0,0,0,0,0,0,0,0,0,0
"ACRE","IN","2013","10.4"," 8.3","20.4"," 0.7"," 0.1",0," 0.0","19.1",0,"21.6",0,"18.3"," 0.1"," 0.6"," 0.0"," 0.0",0,0,0,0," 0.1"," 0.0",0,0,0," 0.1",0,0,0,0," 0.0",0,0,0,0,0,0,0,0,0,0,0,0,0,0,0,0,0,0,0,0,0,0,0,0,0,0,0,0,0,0,0,0,0,0,0,0,0,0,0,0,0,0,0,0,0,0
"DPAC","IN","2008"," 6.8"," 0.2","20.5"," 0.0",0,0,0,"36.8",0,"25.4",0," 9.8",0," 0.3"," 0.0",0,0,0,0,0,0,0,0,0,0," 0.1",0,0,0,0,0,0,0,0,0,0,0,0,0,0,0,0,0,0,0,0,0,0,0,0,0,0,0,0,0,0,0,0,0,0,0,0,0,0,0,0,0,0,0,0,0,0,0,0,0,0,0
"DPAC","IN","2009"," 7.0"," 0.2","21.0",0,0,0,0,"28.5"," 0.2","23.2",0,"11.8",0," 7.5",0,0,0,0,0,0," 0.0"," 0.5",0,0,0,0,0,0,0,0,0,0,0,0,0,0,0,0,0,0,0,0,0,0,0,0,0,0,0,0,0,0,0,0,0,0,0,0,0,0,0,0,0,0,0,0,0,0,0,0,0,0,0,0,0,0,0
"DPAC","IN","2010"," 4.9"," 0.1","17.8"," 0.0"," 0.0"," 0.0"," 0.2","35.5"," 0.1","23.7",0,"11.0",0," 5.3",0," 0.0",0," 0.7",0,0,0," 0.5",0,0,0,0,0,0,0,0,0,0,0,0,0,0,0,0,0,0,0," 0.1",0,0,0,0,0,0,0,0,0,0,0,0,0,0,0," 0.1",0,0,0,0,0,0,0,0,0,0,0,0,0,0,0,0,0,0,0
"DPAC","IN","2011"," 4.4"," 0.2","16.7"," 0.0"," 0.0",0," 0.2","47.2",0,"22.7",0," 6.6"," 0.0"," 2.0"," 0.0"," 0.0",0,0,0,0,0," 0.0",0,0,0,0,0,0,0,0,0,0,0," 0.0",0,0,0,0,0,0,0,0,0,0,0,0,0,0,0,0,0,0,0,0,0,0,0,0,0,0,0,0,0,0,0,0,0,0,0,0,0,0,0,0,0,0,0
"DPAC","IN","2012"," 4.3"," 0.3","16.8"," 0.0",0,0," 0.1","37.0"," 0.0","32.6",0," 6.2",0," 2.7"," 0.0",0,0,0,0,0," 0.1",0,0,0,0,0,0,0,0,0,0,0,0," 0.1",0,0,0,0,0,0,0,0,0,0,0,0,0,0,0,0,0,0,0,0,0,0,0,0,0,0,0,0,0,0,0,0,0,0,0,0,0,0,0,0,0,0,0
"DPAC","IN","2013"," 4.6"," 0.2","16.1"," 0.0"," 0.0",0," 0.2","35.6"," 0.2","34.2",0," 6.7",0," 2.0"," 0.0"," 0.1",0,0,0,0," 0.1",0,0,0,0," 0.0",0,0,0,0,0,0,0,0,0,0,0,0,0,0,0,0,0,0,0,0,0,0,0,0,0,0,0,0,0,0,0,0,0,0,0,0,0,0,0,0,0,0,0,0,0,0,0,0,0,0,0
"NEPAC","IN","2008"," 7.0"," 0.1"," 3.8",0,0,0," 0.0","36.0",0,"32.9",0," 6.1"," 0.1","14.1",0,0,0,0,0,0,0,0,0,0,0,0,0,0,0,0,0,0,0," 0.0",0,0,0,0,0,0,0,0,0,0,0,0,0,0,0,0,0,0,0,0,0,0,0,0,0,0,0,0,0,0,0,0,0,0,0,0,0,0,0,0,0,0,0
"NEPAC","IN","2009"," 7.3"," 0.2"," 3.8",0,0," 0.0",0,"41.5",0,"35.8",0," 6.3",0," 5.2",0,0,0,0,0,0," 0.0",0,0,0,0,0,0,0,0,0,0,0,0,0,0,0,0,0,0,0,0,0,0,0,0,0,0,0,0,0,0,0,0,0,0,0,0,0,0,0,0,0,0,0,0,0,0,0,0,0,0,0,0,0,0,0,0
"NEPAC","IN","2010"," 4.7"," 0.1"," 3.0",0,0,0," 0.0","49.3"," 0.4","26.8",0," 6.1"," 0.0"," 9.4",0," 0.0",0,0,0,0,0,0,0,0,0,0,0,0,0,0,0,0,0,0,0,0,0,0,0,0,0,0,0,0,0,0,0,0,0,0,0,0,0,0,0,0,0,0,0,0,0,0,0,0,0,0,0,0,0,0,0,0,0,0,0,0,0
"NEPAC","IN","2011"," 3.8"," 0.1"," 2.7"," 0.0",0,0," 0.1","32.4",0,"41.8",0," 5.5"," 0.1","13.3"," 0.0",0,0,0,0,0,0,0,0,0,0,0,0,0,0,0,0,0,0,0,0,0,0,0,0,0,0,0,0,0,0,0,0,0,0,0,0,0,0,0,0,0,0," 0.0",0,0,0,0,0,0,0,0,0,0,0,0,0,0,0,0,0,0,0
"NEPAC","IN","2012"," 3.6"," 0.2"," 2.6"," 0.0",0," 0.0"," 0.0","44.7",0,"30.5",0," 7.3"," 0.1","10.7"," 0.0"," 0.0",0,0,0,0," 0.2",0,0,0,0,0,0,0,0,0,0,0,0," 0.0",0,0,0,0,0,0,0,0,0,0,0,0,0,0,0,0,0,0,0,0,0,0,0,0,0,0,0,0,0,0,0,0,0,0,0,0,0,0,0,0,0,0,0
"NEPAC","IN","2013"," 3.9"," 0.1"," 2.6"," 0.0",0,0," 0.1","30.6"," 0.0","43.8",0," 5.2"," 0.2","13.0"," 0.1"," 0.1",0,0,0,0,0,0,0,0,0,0,0,0,0,0,0,0,0," 0.2",0,0,0,0,0,0,0,0,0,0,0,0,0,0,0,0,0,0,0,0,0,0,0,0,0,0,0,0,0,0,0,0,0,0,0,0,0,0,0,0,0,0,0
"PIT","IN","2008","17.2","25.6","12.7"," 8.4"," 3.2"," 0.1"," 0.0"," 2.8",0," 2.7",0,"23.4"," 2.8"," 0.8",0," 0.1",0,0,0,0," 0.0",0,0,0,0,0,0,0,0,0,0,0,0,0,0,0,0,0,0,0,0,0,0,0,0,0,0,0,0,0,0,0,0,0,0,0,0,0,0,0,0,0,0,0,0,0,0,0,0,0,0,0,0,0,0,0,0
"PIT","IN","2009"," 9.7","25.7","12.6"," 8.2"," 4.0",0," 0.0"," 3.0",0," 4.5",0,"29.0"," 2.7",0," 0.0"," 0.0",0,0,0,0," 0.5",0,0,0,0,0,0," 0.0",0,0,0,0,0,0,0,0,0,0,0,0,0,0,0,0,0,0,0,0,0,0,0,0,0,0,0,0,0,0,0,0,0,0,0,0,0,0,0,0,0,0,0,0,0,0,0,0,0
"PIT","IN","2010","14.1","24.3","11.1"," 8.4"," 3.9"," 0.0"," 0.1"," 3.8"," 0.1"," 3.4",0,"27.3"," 1.8"," 0.8"," 0.0"," 0.0",0,0,0,0," 0.8"," 0.1",0,0,0,0,0," 0.0",0," 0.0",0,0,0," 0.0",0,0,0,0,0,0,0,0,0,0,0,0,0,0,0,0,0,0,0,0,0,0,0,0,0,0,0,0,0,0,0,0,0,0,0,0,0,0,0,0,0,0,0
"PIT","IN","2011","14.7","35.7"," 7.3","11.9"," 4.2"," 0.1"," 0.6"," 4.2",0," 3.1",0,"15.8"," 2.0",0," 0.2"," 0.0",0,0,0,0," 0.0",0,0,0,0,0,0," 0.2",0,0,0,0,0,0,0,0,0,0,0,0,0,0,0,0,0,0,0,0,0,0,0,0,0,0,0,0,0,0,0,0,0,0,0,0,0,0,0,0,0,0,0,0,0,0,0,0,0
"PIT","IN","2012","14.3","36.6"," 6.2","11.8"," 4.4",0," 0.5"," 2.6"," 0.1"," 4.2",0,"15.4"," 2.9"," 0.0"," 0.3"," 0.5",0,0,0,0," 0.4",0,0,0,0,0,0," 0.0",0,0,0,0,0,0,0,0,0,0,0,0,0,0,0,0,0,0,0,0,0,0,0,0,0,0,0,0,0,0,0,0,0,0,0,0,0,0,0,0,0,0,0,0,0,0,0,0,0
"PIT","IN","2013","14.8","36.2"," 6.7","11.5"," 4.4",0," 0.0"," 5.0"," 0.1"," 1.4",0,"16.7"," 2.8"," 0.1",0," 0.2",0,0,0,0," 0.0",0,0,0,0," 0.0",0,0,0,0,0,0,0,0,0,0,0,0,0,0,0,0,0,0,0,0,0,0,0,0,0,0,0,0,0,0,0,0,0,0,0,0,0,0,0,0,0,0,0,0,0,0,0,0,0,0,0
"PPAC","IN","2008"," 6.6"," 3.7"," 5.5"," 1.0",0,0," 0.0","33.1",0,"43.8",0," 1.9"," 0.0"," 4.2",0,0,0,0,0,0," 0.0",0,0,0,0,0,0,0,0,0,0,0,0,0,0,0,0,0,0,0,0,0,0,0,0,0,0,0,0,0,0,0,0,0,0,0,0,0,0,0,0,0,0,0,0,0,0,0,0,0,0,0,0,0,0,0,0
"PPAC","IN","2009"," 5.9"," 3.8"," 6.0"," 0.9",0,0," 0.0","39.9"," 0.0","35.8",0," 5.0"," 0.0"," 2.5",0,0,0,0,0,0,0,0,0,0,0," 0.0",0,0,0,0,0,0,0,0,0,0,0,0,0,0,0,0,0,0,0,0,0,0,0,0,0,0,0,0,0,0,0,0,0,0,0,0,0,0,0,0,0,0,0,0,0,0,0,0,0,0,0
"PPAC","IN","2010"," 2.9"," 3.3"," 4.4"," 1.2",0," 0.0"," 0.1","37.9"," 0.1","42.6",0," 7.4",0,0,0," 0.0",0,0,0,0," 0.0",0,0,0,0,0,0,0,0,0,0,0,0,0,0,0,0,0,0,0,0,0,0," 0.0",0,0,0,0,0,0,0,0,0,0,0,0,0,0,0,0,0,0,0,0,0,0,0,0,0,0,0,0,0,0,0,0,0
"PPAC","IN","2011"," 2.0"," 2.9"," 3.6"," 1.5",0," 0.0"," 0.1","34.5",0,"41.9",0," 8.9",0," 4.0"," 0.1"," 0.1",0,0,0,0," 0.3",0,0,0,0," 0.0",0," 0.0",0,0,0,0,0," 0.2",0,0,0,0,0,0,0,0,0,0,0,0,0,0,0,0,0,0,0,0,0,0,0,0,0,0,0,0,0,0,0,0,0,0,0,0,0,0,0,0,0,0,0
"PPAC","IN","2012"," 2.7"," 3.1"," 3.6"," 1.4"," 0.0"," 0.1"," 0.4","38.8",0,"34.3",0," 8.1",0," 7.0",0," 0.1",0,0,0,0," 0.4"," 0.0",0,0,0," 0.1",0,0,0,0,0,0,0," 0.0",0,0,0,0,0,0,0,0,0,0,0,0,0,0,0,0,0,0,0,0,0,0,0,0,0,0,0,0,0,0,0,0,0,0,0,0,0,0,0,0,0,0,0
"PPAC","IN","2013"," 2.2"," 3.2"," 4.0"," 1.6",0,0," 0.0","23.0",0,"55.7",0," 6.0"," 0.0"," 2.2"," 0.1",0,0,0,0,0," 0.2"," 0.1",0,0,0," 0.5",0,0,0,0,0,0,0," 0.1",0,0,0,0,0,0,0,0,0," 0.0",0,0,0,0,0,0,0,0,0,0,0,0,0,0,0,0,0,0,0,0,0,0,0,0,0,0," 1.3",0,0,0,0,0,0
"SEPAC","IN","2008","14.3"," 2.8","30.7"," 0.9"," 0.1",0,0,"20.6",0,"12.3",0,"17.3"," 0.1"," 0.2",0,0,0,0,0,0,0," 0.1",0,0,0,0,0," 0.4",0,0,0,0,0,0,0,0,0,0,0,0,0,0,0,0,0,0,0,0,0,0,0,0,0,0," 0.0",0,0,0,0,0,0,0,0,0,0,0,0,0,0,0,0,0,0,0,0,0,0
"SEPAC","IN","2009","14.2"," 2.7","30.7"," 0.8"," 0.0",0,0," 9.7"," 0.1","26.2",0,"15.1"," 0.1",0,0," 0.0",0,0,0,0,0,0,0,0,0,0,0," 0.3",0,0,0,0,0,0,0,0,0,0,0,0,0,0,0,0,0,0,0,0,0,0,0,0,0,0,0,0,0,0,0,0,0,0,0,0,0,0,0,0,0,0,0,0,0,0,0,0,0
"SEPAC","IN","2010"," 9.9"," 2.3","29.5"," 1.3"," 0.2",0,0,"25.3",0,"13.3",0,"17.5"," 0.2"," 0.0",0," 0.1",0,0,0,0,0,0,0,0,0,0,0," 0.5",0,0,0,0,0," 0.0",0,0,0,0,0,0,0,0,0,0,0,0,0,0,0,0,0,0,0,0,0,0,0,0,0,0,0,0,0,0,0,0,0,0,0,0,0,0,0,0,0,0,0
"SEPAC","IN","2011","10.3"," 2.5","29.9"," 1.1"," 0.3"," 0.2",0,"16.5",0,"23.6",0,"15.2"," 0.2",0,0," 0.3",0,0,0,0,0,0,0,0,0,0,0," 0.0",0,0,0,0,0," 0.1",0,0,0,0,0,0,0,0,0,0,0,0,0,0,0,0,0,0,0,0,0,0,0,0,0,0,0,0,0,0,0,0,0,0,0,0,0,0,0,0,0,0,0
"SEPAC","IN","2012","10.5"," 2.5","29.4"," 1.2"," 0.2",0,0,"23.0"," 0.1","11.8",0,"16.5"," 0.3",0,0," 0.1",0,0,0,0,0," 3.8",0,0,0,0,0," 0.4",0,0,0,0,0," 0.0",0,0,0,0,0,0,0,0,0,0,0,0,0,0,0,0,0,0,0,0,0,0,0,0,0,0,0,0,0,0,0,0,0,0,0,0,0,0,0,0,0,0,0
"SEPAC","IN","2013","10.1"," 2.5","29.8"," 1.2"," 0.3",0," 0.0","17.1"," 0.1","23.3",0,"14.9"," 0.3",0,0," 0.1",0,0,0,0,0,0,0,0,0,0,0," 0.4",0,0,0,0,0," 0.0",0,0,0,0,0,0,0,0,0,0,0,0,0,0,0,0,0,0,0,0,0,0,0,0,0,0,0,0,0,0,0,0,0,0,0,0,0,0,0,0,0,0,0
"Bean&Beet","MI","2008"," 6.9","10.0"," 5.4"," 3.2"," 1.0",0," 0.1"," 6.1",0,"27.8",0," 3.6"," 1.6"," 0.5"," 0.6"," 0.1"," 0.0",0,0," 0.1","30.7",0,0,0,0,0,0," 0.0",0,0,0,0,0,0,0,0,0,0,0,0,0," 0.0"," 1.2",0,0,0,0,0,0,0,0,0,0,0,0," 0.9",0,0,0,0,0,0,0,0,0,0,0,0,0,0,0,0,0,0,0,0,0
"Bean&Beet","MI","2009"," 8.4","11.8"," 8.1"," 3.5"," 1.0"," 0.2"," 0.0","15.8",0,"13.8",0," 2.8"," 0.9"," 1.9"," 0.2",0,0," 0.0",0," 0.0","28.0",0,0,0,0,0,0," 0.5",0,0,0,0,0," 0.1",0,0,0,0,0,0,0,0,0,0,0,0,0," 0.0",0,0,0,0,0,0,0," 2.8",0,0,0,0,0,0,0,0,0,0,0,0,0,0,0,0,0,0,0,0,0
"Bean&Beet","MI","2010"," 7.8","10.5","12.4"," 3.6"," 1.0"," 0.0"," 0.1"," 5.6"," 0.0","21.6",0," 4.3"," 1.4"," 1.9"," 0.8"," 0.4"," 0.6",0,0," 0.2","22.6",0,0,0,0,0,0," 0.5",0,0,0,0,0,0,0,0,0,0,0,0,0," 0.1"," 0.1",0,0,0,0,0,0,0,0,0,0,0,0," 4.7",0,0,0,0,0,0,0,0,0,0,0,0,0,0,0," 0.0",0,0,0,0,0
"Bean&Beet","MI","2011"," 8.4","10.5","12.1"," 3.6"," 1.0"," 0.3"," 0.1","24.0"," 0.1"," 2.8",0," 3.0"," 1.2"," 4.1"," 0.4"," 0.2"," 0.1"," 0.0",0," 0.0","23.7",0,0,0,0,0,0," 0.2",0,0," 0.0",0,0," 0.0",0,0,0,0,0," 0.1",0," 0.0",0,0,0,0,0,0,0,0,0,0,0,0,0," 1.9"," 2.2",0,0,0,0,0,0," 0.0",0,0,0,0,0,0,0,0,0,0,0,0,0
"Bean&Beet","MI","2012"," 8.5","11.0","10.3"," 3.1"," 1.0"," 0.0"," 0.2"," 8.3"," 0.0","19.0",0," 1.7"," 0.9"," 3.9"," 0.2",0," 4.1"," 0.0",0," 0.0","25.0",0,0,0,0,0,0," 0.2",0,0,0,0,0," 0.1",0,0,0,0,0,0,0," 0.0"," 0.0",0,0,0,0,0,0,0,0,0,0,0,0," 2.4",0,0," 0.0"," 0.0",0,0,0,0,0,0,0,0,0,0,0,0,0,0,0,0,0
"Bean&Beet","MI","2013"," 8.6","10.3"," 5.2"," 3.6"," 1.0"," 0.0"," 0.1","19.5"," 0.0","11.6",0," 1.6"," 1.3"," 0.1"," 0.4",0," 0.2",0,0," 0.0","30.2",0,0,0,0,0,0," 0.1",0,0,0,0,0,0,0,0,0,0,0,0,0," 0.0",0," 0.0",0,0,0," 0.0",0,0,0,0,0,0,0," 2.6"," 3.3",0," 0.0",0,0,0,0,0,0,0,0,0,0,0,0,0," 0.1",0,0,0,0
"EastLansing","MI","2008","14.1","19.8","10.4","17.2"," 9.4"," 0.0"," 0.5"," 4.1",0," 0.5",0," 6.2"," 0.9"," 0.5"," 0.0"," 0.4",0,0,0," 0.0","15.5",0,0,0,0,0,0," 0.4",0,0,0,0,0,0,0,0,0,0,0,0,0,0,0,0,0,0,0,0,0,0,0,0,0,0,0,0,0,0,0,0,0,0,0,0,0,0,0,0,0,0,0,0,0,0,0,0,0
"EastLansing","MI","2009","15.3","22.1","10.5","18.1"," 8.3",0," 0.3"," 2.6",0," 1.4",0," 6.0"," 0.8"," 0.4"," 0.2"," 0.0",0,0,0," 0.3","12.7",0,0,0,0,0,0," 0.7",0,0,0,0,0," 0.1",0,0,0,0,0," 0.1",0,0,0,0,0,0,0,0,0,0,0,0,0,0,0,0,0,0,0,0,0,0,0,0,0,0,0,0,0,0,0,0,0,0,0,0,0
"EastLansing","MI","2010","14.2","19.4","10.7","17.4"," 9.1"," 0.7"," 1.1"," 2.0"," 0.3"," 2.1",0," 5.5"," 0.5"," 1.0"," 0.1"," 0.1"," 0.2"," 0.2",0," 0.1","14.5",0,0,0,0,0,0," 0.4",0,0,0,0,0,0,0,0,0,0,0,0,0," 0.1"," 0.1",0,0,0,0,0,0,0,0,0,0,0,0," 0.0",0,0,0," 0.1",0,0,0,0,0,0,0,0,0,0,0,0,0,0,0,0,0
"EastLansing","MI","2011","15.1","19.9","11.1","18.1"," 9.6"," 0.1"," 1.0"," 2.6"," 0.1"," 1.4",0," 5.8"," 0.4"," 0.4"," 0.1"," 0.1"," 0.0"," 0.0",0," 0.1","13.1",0,0," 0.0",0,0,0," 0.9",0," 0.0"," 0.1",0,0,0,0,0,0,0," 0.0",0,0," 0.0",0,0,0,0,0,0,0,0,0,0,0,0,0,0,0,0,0,0,0,0,0,0,0,0,0,0,0,0,0,0,0,0,0,0,0
"EastLansing","MI","2012","15.5","19.6","12.2","18.1"," 9.6"," 0.1"," 0.6"," 1.6"," 0.1"," 2.0",0," 7.0"," 0.9"," 0.4"," 0.1",0,0," 0.0",0," 0.1","11.9",0,0,0,0,0,0," 0.2",0," 0.0",0,0,0," 0.0",0,0,0,0," 0.0",0,0,0,0,0,0,0,0,0,0,0,0,0,0,0,0,0,0,0," 0.0",0,0,0,0,0,0,0,0,0,0,0,0,0,0,0,0,0,0
"EastLansing","MI","2013","15.4","19.8"," 9.7","17.8"," 9.8"," 0.4"," 1.2"," 1.8"," 0.0"," 2.0",0," 5.5"," 0.7"," 0.4"," 0.1"," 0.1"," 0.0",0,0," 0.0","14.8",0,0,0,0,0,0," 0.3",0,0,0,0,0," 0.1",0,0,0,0,0,0,0," 0.0",0," 0.0",0,0,0,0,0,0,0,0,0,0,0," 0.1",0,0,0,0,0,0,0,0,0,0,0,0,0,0,0,0,0,0,0,0,0
"Kellogg","MI","2008"," 2.5"," 2.2","28.3"," 0.0",0,0," 0.8"," 2.3"," 0.2","13.7",0,"22.0"," 0.2"," 0.6"," 0.0",0,0,0,0," 0.1","26.6",0,0,0,0,0,0," 0.4",0,0,0,0,0,0,0,0,0,0,0,0,0,0,0,0,0,0,0,0,0,0,0,0,0,0,0,0,0,0,0,0,0,0,0,0,0,0,0,0,0,0,0,0,0,0,0,0,0
"Kellogg","MI","2009"," 5.0"," 2.1","31.1",0,0," 0.3"," 0.6","13.0",0," 7.0",0,"11.9"," 0.7"," 2.4",0,0,0,0,0,0,"25.7",0,0,0,0,0,0," 0.2",0,0,0,0,0," 0.0",0,0," 0.0",0,0,0,0," 0.0",0,0,0,0,0,0,0,0,0,0,0,0,0,0,0,0,0,0,0,0,0,0,0,0,0,0,0,0,0,0,0,0,0,0,0
"Kellogg","MI","2010"," 2.5"," 2.3","32.1"," 0.0",0," 0.3"," 5.7"," 3.3"," 1.6","13.4",0,"13.9"," 0.4"," 0.9"," 0.1",0,0," 0.0",0," 0.1","23.2",0,0,0,0,0,0," 0.2",0,0,0,0,0," 0.0",0,0,0,0,0,0,0," 0.0"," 0.0",0,0,0," 0.0",0,0,0,0,0,0,0,0,0,0,0,0,0,0,0,0,0,0,0,0,0,0,0,0,0,0,0,0,0,0
"Kellogg","MI","2011"," 2.7"," 2.3","35.9"," 0.0",0," 0.0"," 1.4"," 2.8"," 0.6"," 9.8",0,"19.3"," 0.3"," 1.4"," 0.1",0," 3.0"," 0.0",0," 0.1","20.0",0,0,0,0,0,0," 0.1",0,0,0,0,0,0,0,0,0,0,0,0,0,0,0,0,0,0,0,0,0,0,0,0,0,0,0,0,0,0,0,0,0,0,0,0,0,0,0,0,0,0,0,0,0,0,0,0,0
"Kellogg","MI","2012"," 2.7"," 2.3","34.1"," 0.1",0,0," 1.5"," 6.7"," 0.2","10.5",0,"17.8"," 0.4"," 0.3"," 0.0",0," 0.3"," 0.1",0," 0.1","22.5",0,0,0,0,0,0," 0.2",0,0," 0.0",0,0," 0.1",0,0,0,0,0,0,0," 0.0",0,0,0,0," 0.1",0,0," 0.0",0,0,0,0,0,0,0,0,0,0,0,0,0,0,0,0,0,0,0,0,0,0,0,0,0,0,0
"Kellogg","MI","2013"," 2.8"," 2.1","29.4"," 0.0",0,0," 3.5"," 5.6"," 1.7","11.0",0,"15.0"," 0.6"," 2.2"," 0.0"," 0.0"," 0.2",0,0," 0.0","25.4",0,0,0,0,0,0," 0.3",0,0," 0.0",0,0,0,0,0,0,0," 0.0",0,0,0,0,0,0,0,0,0,0,0,0,0,0,0,0,0,0,0,0,0,0,0,0,0,0,0,0,0,0,0,0,0,0,0,0,0,0
"Monroe","MI","2008"," 6.0","40.0"," 2.5","27.4"," 7.1",0," 0.0"," 3.3",0," 5.9",0," 2.2"," 2.3"," 1.2"," 0.7"," 0.3",0,0,0,0," 1.0",0,0,0,0,0,0,0,0,0,0,0,0,0,0,0,0,0,0,0,0,0," 0.0",0,0,0,0,0,0,0,0,0,0,0,0,0,0,0,0,0,0,0,0,0,0,0,0,0,0,0,0,0,0,0,0,0,0
"Monroe","MI","2009"," 8.2","37.1"," 2.1","32.5"," 5.4",0,0," 5.6",0," 1.8",0," 1.7"," 1.2"," 2.7"," 0.5"," 0.6",0,0,0," 0.0"," 0.6",0,0,0,0,0,0,0,0,0,0,0,0,0,0,0,0,0,0,0,0,0,0,0,0,0,0,0,0,0,0,0,0,0,0,0,0,0,0,0,0,0,0,0,0,0,0,0,0,0,0,0,0,0,0,0,0
"Monroe","MI","2010"," 5.0","41.2"," 2.8","26.7"," 6.9"," 0.1"," 0.2"," 8.6",0," 0.6",0," 3.3"," 2.6"," 0.8"," 0.1",0,0,0,0," 0.1"," 0.8",0,0,0,0,0,0," 0.0",0,0,0,0,0,0,0,0,0,0,0,0,0," 0.1",0,0,0,0,0,0,0,0,0,0,0,0,0,0,0,0,0,0," 0.0",0,0,0,0,0,0,0,0,0,0,0,0,0,0,0,0
"Monroe","MI","2011","13.6","44.4"," 0.9","27.1"," 7.0"," 0.0",0," 4.2",0," 0.8",0," 0.2"," 1.1"," 0.3"," 0.0"," 0.0",0,0,0,0," 0.3",0,0,0,0,0,0,0,0,0,0,0,0,0,0,0,0,0,0,0,0,0,0,0,0,0,0,0,0,0,0,0,0,0,0,0,0,0,0,0,0,0,0,0,0,0,0,0,0,0,0,0,0,0,0,0,0
"Monroe","MI","2012","13.3","44.7"," 0.9","26.2"," 7.0"," 0.0"," 0.0"," 5.8",0," 0.5",0," 0.3"," 0.8",0," 0.1"," 0.1",0,0,0," 0.0"," 0.3",0,0,0,0,0,0,0,0,0,0,0,0,0,0,0,0,0,0,0,0,0,0,0,0,0,0,0,0,0,0,0,0,0,0,0,0,0,0,0," 0.0",0,0,0,0,0,0,0,0,0,0,0,0,0,0,0,0
"Monroe","MI","2013","11.5","47.3"," 0.8","27.1"," 7.2"," 0.1"," 0.0"," 0.8",0," 0.3",0," 0.1"," 0.9"," 2.6"," 0.1",0,0," 0.6",0,0," 0.4",0,0,0,0,0,0,0,0,0,0,0,0,0,0," 0.0",0,0,0,0," 0.0"," 0.0"," 0.1",0,0,0,0,0,0,0,0," 0.0",0,0,0,0,0,0,0,0,0,0,0,0,0,0,0,0,0,0,0,0,0,0,0,0,0
"Oceana","MI","2008"," 8.1"," 7.6","31.3"," 0.8",0," 0.1"," 1.2"," 0.0"," 3.0"," 5.8",0,"34.6"," 0.0"," 0.9"," 0.0"," 0.1",0," 0.0",0," 0.4"," 3.0",0,0,0,0,0,0," 1.0",0,0," 0.2",0,0," 0.4",0,0,0,0,0,0,0,0,0,0,0,0,0,0,0,0,0,0,0,0,0,0,0,0,0,0," 0.7"," 0.2"," 0.4",0,0,0,0,0,0,0,0,0,0,0,0,0,0
"Oceana","MI","2009","12.7"," 8.8","31.3"," 0.4",0," 0.5"," 2.0"," 0.7",0,"15.1",0,"19.0",0," 0.2"," 0.3"," 0.1",0," 0.1",0," 0.4"," 3.4",0,0,0,0,0,0," 1.3",0,0," 0.1",0,0," 0.8",0,0,0,0,0,0,0," 0.0",0,0,0,0,0,0,0,0," 2.4",0,0,0,0,0,0,0,0,0," 0.3",0," 0.2",0,0,0,0,0,0,0,0,0,0,0,0,0,0
"Oceana","MI","2010"," 8.9"," 7.4","30.9"," 1.0",0," 1.5","15.1"," 0.9"," 4.0"," 5.4",0,"15.4",0," 1.2"," 0.2",0,0," 0.1",0," 0.3"," 4.3",0,0,0,0,0,0," 1.2",0,0," 0.6",0,0," 0.6",0,0,0,0," 0.0",0,0,0,0,0,0," 0.1",0,0,0," 0.1",0," 0.2",0,0,0,0,0,0,0,0," 0.2"," 0.2",0," 0.2"," 0.0",0,0,0,0,0,0,0,0,0,0,0,0
"Oceana","MI","2011"," 9.3"," 7.9","32.5"," 0.8",0," 0.6","12.1"," 0.2"," 0.2"," 5.6",0,"14.1"," 0.0"," 0.6"," 0.2"," 0.3",0," 0.2",0," 0.2"," 3.4",0,0,0,0,0,0," 1.0",0," 0.0"," 0.1",0,0," 1.0",0,0,0,0,0,0," 0.2"," 0.0",0,0,0,0," 0.0",0,0," 0.6",0,0,0,0,0,0,0,0,0,0," 3.9"," 1.5"," 3.0",0," 0.0"," 0.4"," 0.0",0,0,0,0,0,0,0,0,0,0
"Oceana","MI","2012"," 9.2"," 7.9","33.7"," 1.0",0," 0.0"," 8.0"," 0.4"," 0.0"," 5.9",0,"11.5",0," 0.6"," 0.1"," 0.1",0,0,0," 0.1"," 1.5",0,0,0,0,0,0," 1.3",0,0," 0.4",0,0," 0.5",0,0,0,0,0,0,0,0,0,0,0," 0.0",0,0,0,0,0," 0.0",0,0,0,0,0,0," 0.1",0," 6.8"," 0.7"," 9.5",0," 0.5"," 0.3"," 0.0",0,0,0,0,0,0,0,0,0,0
"Oceana","MI","2013"," 9.7"," 7.6","32.3"," 0.8",0," 0.2"," 6.5"," 0.1"," 0.2"," 5.5",0,"16.4"," 0.0"," 1.4"," 0.1"," 0.0",0,0,0," 0.1"," 3.1",0,0,0,0,0,0," 1.1",0,0," 0.0",0,0," 0.9",0,0,0,0,0,0,0,0,0,0,0," 0.1",0,0," 0.0"," 0.6",0,0,0," 0.0",0," 0.1",0,0," 0.0",0," 3.7"," 1.8"," 7.4"," 0.1",0,0,0,0,0,0,0,0,0,0,0,0,0
"Sanilac","MI","2008"," 2.3"," 2.5"," 0.3"," 0.0",0," 0.0"," 0.2","36.8",0,"28.6",0,"10.3"," 0.1"," 8.9"," 0.2"," 0.0"," 0.0"," 0.0",0,0," 0.3",0,0,0,0,0,0,0,0,0,0,0,0,0,0,0,0,0,0,0,0," 4.1",0,0,0,0,0,0,0,0,0,0,0,0,0," 5.1",0,0,0,0,0,0,0,0,0,0,0,0,0,0,0,0,0,0,0,0,0
"Sanilac","MI","2009"," 4.7"," 3.8"," 0.6",0,0," 0.0",0,"50.4",0,"13.8",0," 4.2",0,"11.7",0,0,0,0,0,0," 0.0",0,0,0,0,0,0,0,0,0,0,0,0,0,0,0,0,0,0,0,0," 4.4",0,0,0,0,0,0,0,0,0,0,0,0,0," 6.4",0,0,0,0,0,0,0,0,0,0,0,0,0,0,0,0,0,0,0,0,0
"Sanilac","MI","2010"," 2.9"," 3.5"," 0.4"," 0.1",0," 0.1"," 0.2","32.5",0,"18.5",0," 3.9",0,"15.5"," 0.0",0," 0.0",0,0,0," 0.2",0,0,0,0,0,0,0,0,0,0,0,0,0,0,0,0,0,0,0,0," 3.6",0,0,0,0,0,0,0,0,0,0,0,0,0,"18.5",0,0,0,0,0,0,0,0,0,0,0,0,0,0,0,0,0,0,0,0,0
"Sanilac","MI","2011"," 3.0"," 3.4"," 0.5"," 0.1",0," 0.0"," 0.1","20.8"," 0.0","15.0",0," 7.5"," 0.0","26.1"," 0.0"," 0.1"," 0.0",0,0,0," 0.2",0,0,0,0,0,0,0,0,0,0,0,0,0,0,0,0,0," 0.0",0,0,"12.2",0,0,0,0,0,0,0,0,0,0,0,0,0,"11.0",0,0,0,0,0,0,0,0,0,0,0,0,0,0,0,0,0,0,0,0,0
"Sanilac","MI","2012"," 2.9"," 3.3"," 0.2"," 0.0"," 0.0",0," 0.3","26.2"," 0.0","24.7",0," 2.4"," 0.1","19.8"," 0.0",0,0," 0.0",0," 0.0"," 0.2",0,0,0,0,0,0,0,0,0,0,0,0,0,0,0,0,0,0,0,0," 6.1"," 0.0",0,0,0,0,0,0,0,0,0,0,0,0,"13.8",0,0,0,0,0,0,0,0,0,0,0,0,0,0,0,0,0,0,0,0,0
"Sanilac","MI","2013"," 3.2"," 2.9"," 0.4"," 0.1",0," 0.0"," 0.1","31.7",0,"16.8",0," 2.3"," 0.0","14.6"," 0.0",0,0,0,0,0," 0.1",0,0,0,0,0,0,0,0,0,0,0,0,0,0,0,0,0,0,0,0," 2.8",0,0,0,0,0,0,0,0,0,0,0,0,0,"24.7",0,0," 0.1"," 0.0",0,0,0,0,0,0,0,0,0,0,0,0,0,0,0,0,0
"AlbertLea","MN","2008","14.0"," 5.0"," 1.0"," 1.1"," 0.5",0," 0.5","20.5",0,"48.6",0," 6.6"," 0.2",0," 1.3",0,0,0," 0.0",0," 0.0",0,0,0,0,0,0,0,0,0,0,0,0,0,0,0,0,0," 0.6",0,0,0," 0.0",0,0,0,0,0,0,0,0,0,0,0," 0.0",0,0,0,0,0,0,0,0,0,0,0,0,0,0,0,0,0,0,0,0,0,0
"AlbertLea","MN","2009","12.6"," 6.2"," 0.7"," 1.1"," 0.5",0,0,"38.5",0,"25.9"," 0.0"," 9.2"," 0.1",0," 0.3",0,0,0," 0.2",0," 0.1",0,0,0,0,0,0,0,0,0,0,0,0,0,0,0,0,0," 4.5",0,0,0,0,0,0,0,0,0,0,0,0,0,0,0,0,0,0,0,0,0,0,0,0,0,0,0,0,0,0,0,0,0,0,0,0,0,0
"AlbertLea","MN","2010","12.3"," 4.4"," 0.5"," 1.3"," 0.7",0," 0.2","21.3",0,"39.7"," 0.0"," 9.5"," 0.2",0," 0.6",0,0," 0.0"," 0.1",0," 0.1",0,0,0,0,0,0,0,0,0,0,0,0,0,0,0,0,0," 8.5",0,0,0," 0.2",0,0," 0.0",0," 0.0"," 0.0",0,0,0,0,0,0,0,0,0,0,0,0,0,0,0,0,0,0,0,0,0,0,0,0,0,0,0,0
"AlbertLea","MN","2011","12.1"," 4.5"," 0.8"," 1.4"," 0.7",0," 0.2","29.9"," 0.1","30.3"," 0.0"," 7.4"," 0.3",0," 0.5",0,0," 0.0",0,0," 0.1",0,0,0,0,0,0,0,0,0,0,0,0,0,0,0,0,0," 9.6",0,0," 0.0"," 2.0",0,0," 0.0",0," 0.1",0,0,0,0,0,0,0,0,0,0,0,0,0,0,0,0,0,0,0,0,0,0,0,0,0,0,0,0,0
"AlbertLea","MN","2012","12.6"," 4.2"," 0.5"," 1.4"," 0.5",0," 0.2","20.5",0,"40.3",0," 5.9"," 0.7",0," 1.3",0,0,0,0,0," 0.1",0,0,0,0,0,0,0,0,0,0,0,0,0,0,0,0,0," 8.3",0,0,0," 3.5",0,0,0,0,0,0,0,0,0,0,0,0,0,0,0,0,0,0,0,0,0,0,0,0,0,0,0,0,0,0,0,0,0,0
"AlbertLea","MN","2013","13.3"," 4.1"," 0.5"," 1.2"," 0.7",0," 0.1","28.1",0,"25.7",0," 8.8"," 0.5",0," 0.6",0,0,0,0,0," 0.1",0,0,0,0,0,0,0,0,0,0,0,0,0,0,0,0,0,"16.2",0,0,0,0,0,0,0,0," 0.3",0,0,0,0,0,0,0,0,0,0,0,0,0,0,0,0,0,0,0,0,0,0,0,0,0,0,0,0,0
"Crookston","MN","2008"," 5.1"," 0.0"," 2.3",0,0,0," 1.9"," 0.6",0," 0.2"," 6.3","54.0"," 3.8",0," 0.1",0,0," 0.1"," 0.0"," 0.0","15.5",0,0,0,0,0,0," 0.1",0,0,0,0,0,0,0,0,0,0,0," 0.5",0,0,0,0,0,0,0,0," 0.1",0,0,0,0,0,0," 9.3",0,0,0,0,0,0,0,0,0,0,0,0,0,0,0,0,0,0,0,0,0
"Crookston","MN","2009"," 5.1"," 0.0"," 4.6",0,0," 0.0"," 0.9","12.7",0," 0.1"," 5.7","50.6"," 4.9",0," 1.0",0," 0.0",0," 0.0",0,"12.9",0,0,0,0,0,0,0,0,0,0,0,0,0,0,0,0,0,0,0,0," 1.1",0,0,0,0,0,0,0,0,0,0,0,0," 0.1",0,0,0,0,0,0,0,0,0,0,0,0,0,0,0,0,0,0,0,0,0,0
"Crookston","MN","2010"," 3.0"," 0.1"," 1.0",0,0,0," 0.6"," 5.6",0," 0.4","14.9","56.6"," 3.7",0," 0.2",0,0,0," 0.0",0,"13.7",0,0,0,0,0,0,0,0,0,0,0,0,0,0,0,0,0,0,0,0,0,0,0,0,0,0,0,0,0,0,0,0,0,0,0,0,0,0,0,0,0,0,0,0,0,0,0,0,0,0,0,0,0,0,0,0
"Crookston","MN","2011"," 3.1"," 0.1"," 0.7",0,0," 4.4"," 6.0","16.6","13.8"," 0.5"," 9.8"," 2.7"," 5.3",0,"20.5",0,0,0,0,0,"14.2",0,0,0,0,0,0," 0.1",0,0,0,0,0,0,0,0,0," 0.0",0,0,0," 0.0",0,0,0,0,0,0,0,0,0,0,0,0,0," 2.3",0,0,0,0,0,0,0,0,0,0,0,0,0,0,0,0,0,0,0,0,0
"Crookston","MN","2012"," 3.1"," 0.1"," 0.6",0,0,0," 8.9"," 7.2"," 3.2"," 0.4","13.6"," 6.2","17.3"," 0.0","25.1",0,0,0,0,0,"14.2",0,0,0,0,0,0,0,0,0,0,0,0,0,0,0,0,0,0,0,0,0,0,0,0,0,0,0,0,0,0,0,0,0,0,0,0,0,0,0,0,0,0,0,0,0,0,0,0,0,0,0,0,0,0,0,0
"Crookston","MN","2013"," 3.1"," 0.1"," 1.4",0,0," 0.4"," 1.2","15.9","19.6"," 6.3"," 4.1","25.0"," 6.9"," 0.1"," 2.2",0," 0.0",0,0,0,"13.6",0,0,0,0,0,0,0,0,0,0,0,0,0,0,0,0,0,0," 0.0",0," 0.0",0,0,0,0,0,0,0,0,0,0,0,0,0,0,0,0,0,0,0,0,0,0,0,0,0,0,0,0,0,0,0,0,0,0,0
"Lamberton","MN","2008","10.7"," 0.3"," 2.0",0,0,0," 0.3","36.0",0,"23.8"," 0.0","16.5"," 0.1",0," 9.7"," 0.1",0,0,0,0," 0.1",0,0,0,0,0,0,0,0,0,0,0,0,0,0,0,0,0," 0.1",0,0,0,0,0,0,0,0," 0.2",0,0,0,0,0,0,0,0,0,0,0,0,0,0,0,0,0,0,0,0,0,0,0,0,0,0,0,0,0
"Lamberton","MN","2009","10.8"," 0.3"," 2.1",0,0,0," 0.2","29.5"," 0.1","25.3"," 0.7","20.2",0,0,"10.2"," 0.1",0," 0.2",0,0,0,0,0,0,0,0,0,0,0,0,0,0,0,0,0,0,0,0,0,0,0,0,0,0,0,0,0," 0.3",0,0,0,0,0,0,0,0,0,0,0,0,0,0,0,0,0,0,0,0,0,0,0,0,0,0,0,0,0
"Lamberton","MN","2010"," 6.8"," 0.4"," 1.4"," 0.0",0,0," 0.0","40.5",0,"25.4"," 0.4","15.6",0,0," 9.1"," 0.1",0," 0.0",0,0," 0.0",0,0,0,0,0,0,0,0,0,0,0,0,0,0,0,0,0," 0.1",0,0,0,0,0,0,0,0,0,0,0,0,0,0,0,0,0,0,0,0,0,0,0,0,0,0,0,0,0,0,0,0,0,0,0,0,0,0
"Lamberton","MN","2011"," 7.3"," 0.4"," 1.4"," 0.0",0,0," 2.7","19.7"," 0.7","40.6"," 0.4"," 5.9"," 0.7",0,"18.0"," 0.3",0," 0.0",0,0," 0.0",0,0,0,0,0,0,0,0,0,0,0,0,0,0,0,0,0," 0.5"," 0.9",0," 0.0",0,0,0,0,0," 0.1",0,0,0,0,0,0,0," 0.3",0,0,0,0,0,0,0,0,0,0,0,0,0,0,0,0,0,0,0,0,0
"Lamberton","MN","2012"," 7.6"," 0.3"," 1.4"," 0.0",0,0," 1.7","39.4"," 0.2","20.5"," 0.3"," 5.5"," 0.1",0,"22.1"," 0.5",0," 0.0",0,0," 0.0",0,0,0,0,0,0,0,0,0,0,0,0,0,0,0,0,0," 0.2",0,0," 0.0",0,0,0,0,0," 0.0"," 0.1",0,0,0,0,0,0," 0.1",0,0,0,0,0,0,0,0,0,0,0,0,0,0,0,0,0,0,0,0,0
"Lamberton","MN","2013"," 7.1"," 0.4"," 1.4"," 0.1",0,0," 1.0","27.4"," 0.1","35.2"," 1.2"," 9.7"," 0.0",0,"14.9"," 0.4",0," 0.0",0,0," 0.0",0,0,0,0,0,0,0,0,0," 0.1",0,0,0,0,0,0,0," 0.0",0,0," 0.1",0,0,0,0,0," 0.8",0,0,0,0,0,0,0," 0.0"," 0.1",0,0,0,0,0,0,0,0,0,0,0,0,0,0,0,0,0,0,0,0
"MorrisMN","MN","2008","26.2","16.9"," 1.9"," 5.5"," 4.8",0," 1.1"," 3.5",0," 4.6"," 0.2","30.2"," 0.5",0," 4.5",0,0,0,0,0,0,0,0,0,0,0,0," 0.0",0,0,0,0,0,0,0,0,0,0,0,0,0,0,0,0,0,0,0,0,0,0,0,0,0,0,0,0,0,0,0,0,0,0,0,0,0,0,0,0,0,0,0,0,0,0,0,0,0
"MorrisMN","MN","2009","22.6","18.3"," 2.1"," 7.1"," 4.6"," 0.0"," 1.3"," 5.6"," 0.4"," 2.7"," 0.1","28.8"," 0.5",0," 5.3"," 0.3",0,0,0,0," 0.1",0,0,0,0,0,0," 0.1",0,0,0,0,0,0,0,0,0,0,0,0,0,0,0,0,0,0,0,0,0,0,0,0,0,0,0,0,0,0,0,0,0,0,0,0,0,0,0,0,0,0,0,0,0,0,0,0,0
"MorrisMN","MN","2010","22.4","13.8"," 2.5"," 7.2"," 4.9",0," 3.3"," 5.5"," 0.5"," 4.1"," 0.1","26.1"," 0.4",0," 7.8"," 0.9",0,0,0,0," 0.1",0,0,0,0,0,0," 0.0",0,0,0,0,0,0,0,0,0,0,0,0,0," 0.0",0,0,0,0,0," 0.0",0,0,0,0,0,0," 0.0"," 0.0",0,0,0,0,0,0,0,0,0,0,0,0,0,0,0,0,0,0,0,0,0
"MorrisMN","MN","2011","24.3","16.4"," 2.4"," 6.5"," 4.9",0," 4.9"," 6.1"," 1.9"," 2.7"," 1.3"," 4.7"," 0.4"," 0.0","22.5"," 0.4",0,0,0,0," 0.2",0,0,0,0,0,0,0,0,0,0,0,0,0,0,0," 0.0",0,0," 0.0",0," 0.2",0,0,0,0,0,0,0,0,0,0,0,0,0,0,0,0,0,0,0,0,0,0,0,0,0,0,0,0,0,0,0,0,0,0,0
"MorrisMN","MN","2012","24.1","16.3"," 2.2"," 6.7"," 4.8",0," 5.3"," 2.7"," 2.4"," 6.0"," 0.0"," 5.0"," 0.5",0,"22.7"," 0.8",0,0,0,0," 0.3",0,0,0,0,0,0,0,0,0,0,0,0,0,0,0,0,0,0,0,0," 0.2",0,0,0,0,0,0,0,0,0,0,0,0,0,0,0,0,0,0,0,0,0,0,0,0,0,0,0,0,0,0,0,0,0,0,0
"MorrisMN","MN","2013","23.4","17.1"," 2.4"," 7.0"," 4.8"," 0.0"," 6.2"," 3.7"," 3.7"," 4.6"," 0.1"," 5.4"," 0.4"," 0.0","20.3"," 0.6",0," 0.0",0," 0.0"," 0.2",0,0,0,0,0,0,0,0,0,0,0,0,0,0,0,0,0,0,0,0," 0.0",0,0,0,0,0,0,0,0,0,0,0,0,0," 0.0",0,0,0,0,0,0,0,0,0,0,0,0,0,0,0,0,0,0,0,0,0
"Rosemount","MN","2008"," 6.1"," 1.3"," 3.7"," 0.4"," 0.1",0,0,"35.6",0,"30.2",0,"22.0",0,0," 0.2"," 0.0",0,0,0,0,0,0,0,0,0,0,0," 0.2",0,0,0,0,0,0,0,0," 0.0",0,0,0,0,0,0,0,0,0,0," 0.0",0,0,0,0,0,0,0,0,0,0,0,0,0,0,0,0,0,0,0,0,0,0,0,0,0,0,0,0,0
"Rosemount","MN","2009"," 6.9"," 1.2"," 3.4"," 0.3"," 0.1",0," 0.6","30.6",0,"26.7"," 0.0","29.0"," 0.1",0," 0.1",0,0," 0.2",0,0,0,0,0,0,0,0,0," 0.3",0,0,0,0,0," 0.1",0,0,0,0," 0.1",0,0,0,0,0,0,0,0,0," 0.1",0,0,0,0,0,0,0,0,0,0,0,0,0,0,0,0,0,0,0,0,0,0,0,0,0,0,0,0
"Rosemount","MN","2010"," 4.6"," 0.8"," 3.5"," 0.4"," 0.1",0," 0.4","32.1"," 0.0","29.1",0,"26.2",0,0," 0.1",0," 0.1"," 0.0",0," 0.0"," 0.0",0,0," 0.0",0,0,0," 0.4",0,0,0,0,0," 0.1",0,0,0,0," 1.0",0,0," 0.1",0,0,0,0,0," 0.4",0,0,0,0,0,0,0,0,0," 0.4",0,0,0,0,0,0,0,0,0,0,0,0,0,0,0,0,0,0,0
"Rosemount","MN","2011"," 4.4"," 1.3"," 4.5"," 0.4"," 0.1",0," 3.0","33.4"," 0.2","34.9"," 0.3","11.4"," 0.1",0," 2.5"," 0.0"," 0.4"," 0.0",0,0," 0.1",0,0,0,0,0,0," 0.0",0," 0.0",0,0,0," 1.1",0,0," 0.0",0," 1.3",0,0,0," 0.0",0,0,0,0," 0.0",0,0,0,0,0,0,0,0,0," 0.8",0,0,0,0,0,0,0,0,0,0,0,0,0,0,0,0,0,0,0
"Rosemount","MN","2012"," 3.6"," 1.3"," 4.4"," 0.9"," 0.1"," 0.0"," 2.1","30.8"," 0.1","29.3"," 0.6","13.5"," 0.2"," 0.0"," 1.3"," 0.3",0," 3.6",0," 0.0"," 0.0",0,0,0,0,0,0," 0.2",0," 0.1",0,0,0," 0.6",0,0," 0.2",0," 1.4",0,0," 0.0",0,0,0,0,0," 5.2"," 0.0",0,0,0,0," 0.0",0,0,0,0,0,0,0,0,0,0,0,0,0,0,0,0,0,0,0,0,0,0,0
"Rosemount","MN","2013"," 4.7"," 0.9"," 3.8"," 0.3"," 0.1"," 0.0"," 1.2","25.8"," 0.7","34.0"," 0.6","17.8"," 0.4"," 0.0"," 1.0"," 0.2"," 0.4"," 0.1",0," 0.0"," 0.0",0,0,0,0,0,0,0,0,0,0,0,0," 0.1",0,0," 0.4",0," 3.5",0,0," 0.1",0,0,0,0,0," 3.8",0,0," 0.0",0,0,0,0,0,0,0,0,0,0,0,0,0,0,0,0,0,0,0,0,0,0,0,0,0,0
"Antigo","WI","2008","18.4","51.3"," 4.5"," 9.3"," 4.6"," 0.0"," 1.0",0,0," 0.2",0," 1.9"," 1.1"," 0.6"," 1.6",0,0," 0.0",0," 0.9"," 3.3",0,0,0,0,0,0," 0.2",0," 0.4",0,0,0," 0.4",0,0,0,0,0,0,0," 0.1"," 0.0",0,0,0,0," 0.1",0,0," 0.1",0,0,0,0,0,0,0,0,0,0,0,0,0,0,0,0,0,0,0,0,0,0,0,0,0,0
"Antigo","WI","2009","17.1","49.0"," 6.5","11.6"," 4.7",0," 1.0"," 0.1"," 1.1"," 0.3",0," 2.5"," 0.6"," 0.1"," 0.8",0,0," 0.2",0," 0.4"," 2.8",0,0,0,0,0,0," 0.5",0," 0.1",0,0,0," 0.2",0,0,0,0,0,0,0," 0.1"," 0.3",0,0,0,0,0," 0.0",0,0,0,0,0,0,0,0,0,0,0,0,0,0,0,0,0,0,0,0,0,0,0,0,0,0,0,0
"Antigo","WI","2010","20.4","46.0"," 6.3"," 8.8"," 5.3"," 0.0"," 1.7"," 0.1"," 1.1"," 0.3",0," 3.7"," 1.0"," 0.3"," 1.1",0,0," 0.0",0," 0.2"," 2.8",0,0,0,0,0,0," 0.6",0," 0.0",0,0,0," 0.2",0,0,0,0,0,0,0," 0.1",0,0,0,0,0,0," 0.0",0,0,0,0,0,0,0,0,0,0,0,0,0,0,0,0,0,0,0,0,0,0,0,0,0,0,0,0
"Antigo","WI","2011","21.1","45.1"," 6.0"," 9.6"," 5.1"," 0.2"," 1.8"," 0.2",0," 0.5"," 0.0"," 2.9"," 0.9"," 0.5"," 1.3"," 0.0",0," 0.1",0," 0.2"," 3.1",0,0,0,0,0,0," 0.8",0," 0.1"," 0.0",0,0," 0.1",0,0,0,0," 0.0",0,0," 0.2"," 0.1"," 0.0",0,0,0," 0.1"," 0.0",0," 0.0",0,0,0,0,0,0,0,0,0,0,0,0,0,0,0,0,0,0,0,0,0,0,0,0,0,0
"Antigo","WI","2012","21.6","45.3"," 7.2"," 9.0"," 5.3"," 0.0"," 2.0"," 0.1"," 0.7"," 0.8",0," 2.1"," 1.0"," 0.0"," 0.4"," 0.0",0," 0.0",0," 0.2"," 3.1",0,0,0,0,0,0," 0.5",0," 0.1"," 0.2",0,0," 0.1",0,0,0,0," 0.2",0,0," 0.1"," 0.1",0,0,0,0,0,0,0,0,0,0,0,0,0,0,0,0,0,0,0,0,0,0,0,0,0,0,0,0,0,0,0,0,0,0
"Antigo","WI","2013","21.4","45.8"," 6.2"," 9.0"," 5.0"," 0.2"," 0.5"," 0.0"," 0.3"," 0.4",0," 4.3"," 0.8",0," 1.2"," 0.0",0,0,0," 0.8"," 3.1",0,0,0,0,0,0," 0.3",0," 0.2"," 0.0",0,0," 0.0",0,0,0,0," 0.0",0,0," 0.1"," 0.0",0,0,0,0," 0.2"," 0.0",0,0,0,0,0,0,0,0,0,0,0,0,0,0,0,0,0,0,0,0,0,0,0,0,0,0,0,0
"Appleton","WI","2008"," 6.6"," 3.1"," 0.6"," 0.2",0,0," 6.2"," 8.1",0,"39.8",0,"31.6",0," 0.6"," 0.1"," 0.8",0," 1.3",0,0,0,0,0,0,0,0,0,0,0,0,0,0,0,0,0,0,0,0," 0.1",0,0," 0.8",0,0,0,0,0,0,0,0,0,0,0,0,0,0,0,0,0,0,0,0,0,0,0,0,0,0,0,0,0,0,0,0,0,0,0
"Appleton","WI","2009"," 7.1"," 3.4"," 0.6"," 0.2",0,0," 5.7"," 6.6"," 0.9","44.6",0,"21.4",0," 4.2"," 0.1"," 0.7",0," 0.2",0," 0.0"," 0.0",0,0,0,0,0,0,0,0,0,0,0,0," 0.1",0,0,0,0," 0.4",0,0," 2.3"," 0.1",0,0,0,0," 1.1",0,0," 0.1",0,0,0,0,0,0,0,0,0,0,0,0,0,0,0,0,0,0,0,0,0,0,0,0,0,0
"Appleton","WI","2010"," 4.4"," 2.6"," 0.2"," 0.2"," 0.0"," 0.1","13.4"," 7.3"," 0.1","40.4",0,"22.2",0," 2.8"," 0.0"," 0.9",0," 1.5",0,0,0,0,0,0,0," 0.0",0,0,0,0," 0.0",0,0," 0.1",0,0,0,0," 1.1",0,0," 2.4",0,0,0,0,0," 0.1",0,0," 0.0",0,0,0,0,0,0,0,0,0,0,0,0,0,0,0,0,0,0,0,0,0,0,0,0,0,0
"Appleton","WI","2011"," 4.4"," 2.8"," 0.4"," 0.3"," 0.0",0,"14.5"," 5.5",0,"40.5",0,"26.0",0," 3.7"," 0.2"," 0.7",0," 0.1",0,0," 0.1",0,0,0,0,0,0,0,0,0,0,0,0,0,0,0,0,0,0,0,0," 0.5"," 0.3",0,0,0,0,0,0," 0.0",0,0,0,0,0,0,0,0,0,0,0,0,0,0,0,0,0,0,0,0,0,0,0,0,0,0,0
"Appleton","WI","2012"," 4.7"," 2.8"," 0.2"," 0.2"," 0.0"," 0.0","16.2"," 7.9"," 0.8","41.6",0,"20.0",0," 2.5"," 0.8"," 0.3",0," 0.4",0,0," 0.0",0,0,0,0,0,0,0,0,0,0,0,0,0,0,0,0,0," 1.0",0,0,0,0,0,0,0,0," 0.6"," 0.1",0,0,0,0,0,0,0,0,0,0,0,0,0,0,0,0,0,0,0,0,0,0,0,0,0,0,0,0
"Appleton","WI","2013"," 4.5"," 2.7"," 0.2"," 0.3"," 0.0"," 0.1","12.3"," 6.2"," 0.1","41.2",0,"20.0",0," 6.4"," 0.2"," 1.3",0,0,0,0," 0.0",0,0,0,0,0,0,0," 0.0",0,0,0,0," 0.0",0," 0.4",0,0," 0.1",0,0," 1.5",0,0,0,0,0," 2.4",0,0,0,0,0,0,0,0,0,0,0,0,0,0,0,0,0,0,0,0,0,0,0,0,0,0,0,0,0
"EauClaire","WI","2008"," 9.9"," 3.8","25.6"," 0.2",0," 0.0"," 0.3","15.9",0," 4.4"," 0.0","19.1"," 6.8"," 0.8"," 3.2"," 0.3",0," 0.1",0," 1.4"," 2.4",0,0,0,0,0,0," 4.0",0,0," 0.7",0,0," 0.5",0,0,0,0,0,0,0," 0.5",0,0,0,0,0,0,0,0,0,0,0,0,0,0,0,0,0,0,0,0,0,0,0,0,0,0,0,0,0,0,0,0,0,0,0
"EauClaire","WI","2009","10.0"," 3.7","24.9"," 0.2",0," 0.0"," 0.5"," 1.9"," 0.9","13.3"," 0.2","19.2"," 5.1"," 2.7"," 2.5"," 0.1",0," 0.9",0," 1.9"," 2.5",0,0,0,0,0,0," 5.1",0," 0.0"," 2.4",0,0," 1.6",0,0,0,0," 0.1"," 0.0",0,0,0,0,0,0,0,0,0,0," 0.1",0,0,0,0,0,0,0,0,0,0,0,0,0,0,0,0,0,0,0,0,0,0,0,0,0,0
"EauClaire","WI","2010"," 5.7"," 3.4","25.1"," 0.2"," 0.1"," 0.1"," 0.8","11.1"," 1.0"," 4.9"," 0.0","23.2"," 5.7"," 0.2"," 4.8"," 0.9",0," 0.5",0," 0.9"," 2.1",0,0,0,0,0,0," 4.9",0,0," 1.9",0,0," 0.9",0,0,0,0," 0.2"," 0.4",0," 0.7",0," 0.1"," 0.1",0,0,0," 0.1",0,0,0,0,0,0,0,0,0,0,0,0,0,0,0,0,0,0,0,0,0,0,0,0,0,0,0,0
"EauClaire","WI","2011"," 6.5"," 3.3","25.4"," 0.2"," 0.1",0," 1.1"," 5.1",0," 7.8"," 0.0","24.4"," 5.2"," 0.2"," 3.9"," 0.3",0," 1.0",0," 1.7"," 2.2",0,0,0,0,0,0," 7.6",0,0," 2.6",0,0," 0.9",0," 0.0",0,0," 0.0",0,0," 0.5",0,0,0,0,0,0," 0.0",0,0,0,0,0,0,0,0,0,0,0,0,0,0,0,0,0,0,0,0,0,0,0,0,0,0,0,0
"EauClaire","WI","2012"," 6.3"," 3.5","26.0"," 0.2"," 0.1",0," 1.1"," 2.2"," 0.5","16.5",0,"22.0"," 5.8",0," 2.6"," 1.0",0," 0.2",0," 1.5"," 2.3",0,0,0,0,0,0," 7.2",0," 0.0"," 0.2",0,0," 0.5",0,0,0,0,0,0,0," 0.4",0,0,0,0," 0.0",0,0,0,0,0,0,0,0,0,0,0,0,0,0,0,0,0,0,0,0,0,0,0,0,0,0,0,0,0,0
"EauClaire","WI","2013"," 6.1"," 3.5","29.0"," 0.2"," 0.1"," 0.4"," 0.5"," 4.3"," 1.3","18.0",0,"18.1"," 6.5",0," 1.4"," 0.1",0," 0.4",0," 0.3"," 2.5",0,0,0,0,0,0," 5.4",0,0," 1.6",0,0," 0.2",0,0,0,0,0,0,0," 0.0",0,0,0,0," 0.0",0,0,0,0,0,0,0,0,0,0,0,0,0,0,0,0,0,0,0,0,0,0,0,0,0,0,0,0,0,0
"Hancock","WI","2008"," 9.3"," 5.4"," 8.4"," 0.6",0,0," 0.2"," 9.1",0,"26.8",0,"20.0",0," 0.5"," 0.2"," 0.1",0,0,0," 0.1"," 0.1",0,0," 0.0",0,0,0," 1.3",0,0," 0.0"," 0.3",0," 1.1",0,0,0,0," 3.7",0,0," 6.5"," 5.1",0,0,0,0," 0.1",0,0," 0.9",0,0,0," 0.0",0,0,0,0,0,0,0,0,0,0,0,0,0,0,0,0,0,0,0,0,0,0
"Hancock","WI","2009"," 9.0"," 5.6"," 6.9"," 0.5",0,0," 1.0"," 4.3"," 3.3","19.9",0,"13.7",0," 0.3"," 0.2",0," 0.2"," 0.1",0," 0.3"," 0.1",0,0,0,0,0,0," 1.3",0,0," 0.3"," 0.0",0," 0.3",0,0,0,0," 4.2",0,0," 8.7","18.7",0,0,0,0," 0.0",0,0," 0.9",0,0,0,0,0,0,0,0,0,0,0,0,0,0,0,0,0,0,0,0,0,0,0,0,0,0
"Hancock","WI","2010"," 5.2"," 5.0"," 7.1"," 0.8"," 0.1"," 0.0"," 2.3","11.6"," 2.2","12.9",0,"16.6"," 0.0"," 0.6"," 0.3"," 0.2",0," 0.8",0," 0.4"," 0.2",0,0," 0.1",0,0,0," 1.7",0,0," 0.6"," 0.5",0," 0.7",0,0,0,0," 5.9",0,0,"21.2"," 0.8",0,0," 1.8",0," 0.4"," 0.0",0,0,0,0," 0.0",0,0,0,0,0,0,0,0,0,0,0,0,0,0,0,0,0,0,0,0,0,0,0
"Hancock","WI","2011"," 6.0"," 5.0"," 9.5"," 0.7"," 0.1"," 0.0"," 1.8","11.8",0,"18.5",0,"15.0",0," 1.4"," 0.6",0,0," 0.1",0," 0.6"," 0.4",0,0,0,0,0,0," 1.8",0," 0.0"," 0.2",0,0," 0.3",0,0,0,0," 2.1",0,0," 6.5","17.6",0,0,0,0," 0.0",0," 0.0"," 0.0",0,0,0,0,0,0,0,0,0,0,0,0,0,0,0,0,0,0,0,0,0,0,0,0,0,0
"Hancock","WI","2012"," 6.1"," 5.0"," 9.6"," 0.6"," 0.1",0," 0.9","14.3"," 4.7","17.6",0," 7.4"," 0.0"," 0.1"," 0.9"," 0.2",0,0,0," 0.3"," 0.7",0,0,0,0,0,0," 2.5",0," 0.0"," 0.1"," 0.0",0," 0.0",0,0," 0.0",0,"11.7",0,0," 4.7","11.1",0,0," 1.2",0,0,0," 0.1",0,0,0,0,0,0,0,0,0,0,0,0,0,0,0,0,0,0,0,0,0,0,0,0,0,0,0
"Hancock","WI","2013"," 5.8"," 5.0","13.1"," 0.6"," 0.1",0," 0.7"," 5.7"," 0.1","33.5",0," 9.8"," 0.0"," 0.2"," 0.9"," 0.0",0," 0.1",0," 0.2"," 0.2",0,0,0,0,0,0," 1.7",0,0," 0.2",0,0," 0.2",0,0,0,0," 3.6",0,0," 3.2","14.3",0,0," 0.8",0,0,0,0,0,0,0,0,0,0,0,0,0,0,0,0,0,0,0,0,0,0,0,0,0,0,0,0,0,0,0
"Lancaster","WI","2008"," 7.4"," 1.9"," 9.1",0,0,0," 1.0"," 3.3",0," 2.5",0,"74.4",0,0,0," 0.2",0," 0.0",0,0,0,0,0,0,0,0,0,0,0,0,0,0,0,0,0,0,0,0,0,0,0,0,0,0,0,0,0,0,0,0,0,0,0,0,0,0,0,0,0,0,0,0,0,0,0,0,0,0,0,0,0,0,0,0,0,0,0
"Lancaster","WI","2009"," 7.2"," 2.4"," 9.6"," 0.0",0,0," 1.4"," 3.7"," 0.0"," 9.7",0,"65.2",0,0,0," 0.3",0," 0.4",0,0,0,0,0,0,0,0,0,0,0,0,0,0,0,0,0,0,0,0,0,0,0,0,0,0,0,0,0,0,0,0,0,0,0,0,0,0,0,0,0,0,0,0,0,0,0,0,0,0,0,0,0,0,0,0,0,0,0
"Lancaster","WI","2010"," 3.8"," 2.4"," 9.6"," 0.0",0," 0.1","13.8"," 4.7"," 0.6","10.4",0,"53.6"," 0.0"," 0.1"," 0.0",0,0," 0.5",0,0," 0.0"," 0.2",0,0,0,0,0," 0.0",0," 0.0"," 0.1",0,0," 0.1",0,0,0,0," 0.0",0,0," 0.0",0,0,0,0,0,0,0,0,0,0,0,0,0,0,0,0,0,0,0,0,0,0,0,0,0,0,0,0,0,0,0,0,0,0,0
"Lancaster","WI","2011"," 3.7"," 2.5"," 9.1",0,0,0," 7.8"," 3.8",0,"12.0",0,"60.4",0," 0.2"," 0.0",0,0," 0.6",0,0,0,0,0,0,0,0,0,0,0,0,0,0,0,0,0,0,0,0,0,0,0,0,0,0,0,0,0,0,0,0,0,0,0,0,0,0,0,0,0,0,0,0,0,0,0,0,0,0,0,0,0,0,0,0,0,0,0
"Lancaster","WI","2012"," 4.0"," 2.2"," 8.9"," 0.0",0,0," 5.8"," 3.3"," 0.3","12.9",0,"62.3",0,0," 0.1"," 0.3",0," 0.0",0,0," 0.0",0,0,0,0,0,0,0,0,0,0,0,0,0,0,0,0,0,0,0,0,0,0,0,0,0,0,0,0,0,0,0,0,0,0,0,0,0,0,0,0,0,0,0,0,0,0,0,0,0,0,0,0,0,0,0,0
"Lancaster","WI","2013"," 3.7"," 2.5"," 8.4"," 0.0",0,0," 5.0"," 4.0"," 0.0"," 9.3",0,"66.6",0," 0.1",0," 0.2",0," 0.1",0,0,0,0,0,0,0,0,0,0,0,0,0,0,0,0,0,0,0,0,0,0,0,0,0,0,0,0,0,0,0,0,0,0,0,0,0,0,0,0,0,0,0,0,0,0,0,0,0,0,0,0,0,0,0,0,0,0,0
"Rhinelander","WI","2008"," 5.8"," 0.4","47.6",0,0,0," 0.5"," 4.5",0,"15.8",0,"15.0"," 1.9",0," 1.7",0,0," 0.1",0," 1.0"," 3.7",0,0,0,0,0,0," 1.2",0,0,0,0,0," 0.6",0,0,0,0," 0.0",0,0,0," 0.0",0,0,0,0,0,0,0,0,0,0,0," 0.1",0,0,0,0,0,0,0,0,0,0,0,0,0,0,0,0,0,0,0,0,0,0
"Rhinelander","WI","2009"," 5.7"," 0.4","47.5",0,0,0," 5.0"," 2.8"," 1.9","12.8",0," 9.7"," 1.5"," 0.7"," 1.6",0,0," 0.3",0," 0.7"," 3.4",0,0,0,0,0,0," 0.6",0,0,0,0,0," 0.2",0,0,0,0," 0.7",0,0," 1.1"," 3.3",0,0,0,0,0,0,0,0,0,0,0,0,0,0,0,0,0,0,0,0,0,0,0,0,0,0,0,0,0,0,0,0,0,0
"Rhinelander","WI","2010"," 4.2"," 0.5","45.5",0,0," 0.0"," 7.2"," 6.0"," 1.3"," 7.9",0," 7.2"," 2.1"," 0.5"," 2.3",0,0," 0.5",0," 0.9"," 5.1",0,0,0,0,0,0," 1.4",0," 0.0"," 0.0"," 0.0",0," 0.9",0," 0.0",0,0," 4.9",0,0," 0.9"," 0.1"," 0.3"," 0.0",0,0," 0.1"," 0.0",0," 0.1",0," 0.0",0,0,0,0,0,0,0,0,0,0,0,0,0,0,0,0,0,0,0,0,0,0,0,0
"Rhinelander","WI","2011"," 4.2"," 0.5","43.1",0,0," 0.1"," 6.2"," 2.6",0,"12.5"," 0.2"," 6.1"," 4.1"," 1.0"," 2.2"," 0.0",0," 0.1",0," 0.8"," 9.4",0,0,0,0,0,0," 1.7",0," 0.0",0,0,0," 0.1",0,0,0,0," 2.7",0,0," 0.3"," 0.2"," 2.1",0,0,0,0,0," 0.0"," 0.0",0," 0.0",0,0,0,0,0,0,0,0,0,0,0,0,0,0,0,0,0,0,0,0,0,0,0,0
"Rhinelander","WI","2012"," 4.2"," 0.5","46.2",0,0," 0.0"," 3.6"," 7.4"," 1.1","13.6",0," 3.9"," 3.1",0," 1.3"," 0.1",0," 0.0",0," 1.4"," 6.9",0,0,0,0,0,0," 1.2",0,0," 0.1",0,0," 0.1",0,0,0,0," 3.7",0,0," 0.1"," 0.1"," 1.5",0,0,0,0,0,0,0,0,0,0,0,0,0,0,0,0,0,0,0,0,0,0,0,0,0,0,0,0,0,0,0,0,0
"Rhinelander","WI","2013"," 4.1"," 0.6","48.3",0,0," 0.1"," 4.2"," 3.5"," 1.0","11.6"," 0.1"," 2.6"," 2.8",0," 2.1"," 0.0",0," 0.1",0," 0.8"," 6.1",0,0,0,0,0,0," 1.4",0," 0.0"," 0.1",0,0," 0.1",0,0,0,0," 7.2",0,0," 0.1"," 0.1"," 2.3"," 0.5",0,0,0,0,0,0,0,0,0,0,0,0,0,0,0,0,0,0,0,0,0,0,0,0,0,0,0,0,0,0,0,0
"Seymour","WI","2008"," 6.8","17.4","10.0"," 6.9"," 2.5",0," 8.4"," 7.3",0,"14.0",0,"23.9"," 0.0"," 1.1"," 0.5"," 0.3",0,0,0," 0.0"," 0.6",0,0,0,0,0,0,0,0,0,0,0,0," 0.0",0,0,0,0," 0.0",0,0," 0.0",0,0,0,0,0,0,0,0,0,0,0,0,0,0,0,0,0,0,0,0,0,0,0,0,0,0,0,0,0,0,0,0,0,0,0
"Seymour","WI","2009"," 6.2","17.2","10.0"," 7.6"," 2.4",0," 5.7"," 5.8"," 1.1","17.2",0,"21.6",0," 1.5"," 1.4"," 0.3",0," 0.3",0,0," 1.3",0,0,0,0,0,0,0,0,0,0,0,0," 0.1",0,0,0,0,0,0,0," 0.0",0,0,0,0,0," 0.2",0,0,0,0,0,0,0,0,0,0,0,0,0,0,0,0,0,0,0,0,0,0,0,0,0,0,0,0,0
"Seymour","WI","2010"," 2.4","16.4","10.1"," 7.1"," 2.9"," 0.0"," 9.4","10.2"," 0.4","14.4",0,"22.3"," 0.1"," 0.5"," 1.3"," 0.5",0," 1.0",0,0," 0.7",0,0,0,0,0,0,0,0,0,0,0,0," 0.1",0,0," 0.0",0," 0.0",0,0," 0.0",0,0,0,0,0," 0.1"," 0.0",0,0," 0.0",0,0,0,0,0,0,0,0,0,0,0,0,0,0,0,0,0,0,0,0,0,0,0,0,0
"Seymour","WI","2011"," 4.3","19.1"," 8.1"," 7.5"," 3.4"," 0.2"," 6.7"," 7.3",0,"21.4",0,"16.8"," 0.1"," 0.5"," 1.4"," 0.2",0," 0.3",0," 0.0"," 2.6",0,0,0,0,0,0," 0.0",0,0,0,0,0," 0.0",0,0,0,0,0,0,0," 0.0",0,0,0,0,0,0,0,0,0,0,0,0,0,0,0,0,0,0,0,0,0,0,0,0,0,0,0,0,0,0,0,0,0,0,0
"Seymour","WI","2012"," 4.9","18.1"," 8.7"," 7.7"," 3.4"," 0.1"," 8.5","15.8"," 0.4","12.8",0,"14.9"," 0.1"," 0.3"," 2.1"," 0.2",0," 0.3",0," 0.0"," 1.6",0,0," 0.0",0,0,0,0,0,0,0,0,0,0,0,0,0,0,0,0," 0.0",0,0,0,0,0,0,0,0,0,0,0,0,0,0,0,0,0,0,0,0,0,0,0,0,0,0,0,0,0,0,0,0,0,0,0,0
"Seymour","WI","2013"," 4.3","18.9"," 7.8"," 7.4"," 3.6"," 0.1"," 6.1"," 4.7"," 0.4","23.5",0,"20.0"," 0.1"," 0.2"," 1.5"," 0.1"," 0.0"," 0.1",0,0," 1.0"," 0.0",0,0,0,0,0,0,0,0,0,0,0," 0.0",0,0,0,0,0,0,0,0,0,0,0,0,0,0,0,0,0,0,0,0,0,0,0,0,0,0,0,0,0,0,0,0,0,0,0,0,0,0,0,0,0,0,0
"Walworth","WI","2008","12.4","18.8"," 4.2"," 4.3"," 2.4"," 0.1"," 0.2","17.7",0,"22.3",0,"15.2"," 0.0"," 0.9"," 0.0"," 0.9",0,0,0,0,0,0,0,0,0,0,0," 0.0",0,0,0,0,0," 0.0",0,0,0,0," 0.4",0,0," 0.0",0,0,0,0,0," 0.0",0,0,0,0,0,0,0,0,0,0,0,0,0,0,0,0,0,0,0,0,0,0,0,0,0,0,0,0,0
"Walworth","WI","2009","12.3","17.5"," 4.6"," 4.4"," 2.5",0," 0.4","14.3"," 0.4","25.6",0,"15.2"," 0.0"," 1.9"," 0.1"," 0.2",0," 0.0",0,0,0,0,0,0,0,0,0,0,0,0,0,0,0," 0.0",0,0," 0.2",0," 0.0",0,0,0,0,0,0,0,0," 0.1",0,0," 0.0",0,0,0,0,0,0,0,0,0,0,0,0,0,0,0,0,0,0,0,0,0,0,0,0,0,0
"Walworth","WI","2010","10.4","16.5"," 3.4"," 4.5"," 2.7"," 0.0"," 1.1","14.4"," 0.4","23.7",0,"19.9"," 0.0"," 1.5"," 0.3"," 0.4"," 0.1"," 0.1",0,0," 0.1"," 0.0",0,0,0,0,0," 0.1",0,0,0,0,0," 0.2",0,0," 0.0",0," 0.0",0,0," 0.1",0,0,0,0,0," 0.0",0,0,0,0,0,0,0,0,0,0,0,0,0,0,0,0,0,0,0,0,0,0,0,0,0,0,0,0,0
"Walworth","WI","2011","12.4","18.9"," 3.1"," 4.6"," 3.0"," 0.0"," 1.0"," 7.5",0,"29.5",0,"15.2"," 0.1"," 2.6"," 0.2"," 1.3",0,0,0," 0.0"," 0.2"," 0.0",0,0,0,0,0," 0.1",0,0," 0.0",0,0," 0.0",0,0,0,0," 0.0",0," 0.0"," 0.0",0,0,0,0,0,0,0," 0.0"," 0.0"," 0.0",0,0,0,0,0,0,0,0,0,0,0,0,0,0,0,0,0,0,0,0,0," 0.0",0,0,0
"Walworth","WI","2012","12.9","18.1"," 3.2"," 5.2"," 3.1"," 0.5"," 1.2","20.4"," 0.2","21.5",0,"12.2"," 0.1"," 0.3"," 0.0"," 0.9",0,0,0,0," 0.1",0,0,0,0,0,0," 0.1",0,0,0,0,0," 0.0",0,0," 0.0",0,0,0,0,0,0,0,0,0,0,0,0,0,0,0,0,0,0,0,0,0,0,0,0,0,0,0,0,0,0,0,0,0,0,0,0,0,0,0,0
"Walworth","WI","2013","12.9","18.2"," 3.5"," 4.9"," 3.0"," 0.2"," 0.5"," 6.3"," 0.3","31.8",0,"16.2",0," 1.2"," 0.0"," 0.7",0,0,0,0," 0.1"," 0.0",0,0,0,0,0," 0.1",0,0,0,0,0,0,0,0,0,0," 0.0",0," 0.0",0,0,0,0,0,0,0,0,0,0,0,0,0,0,0,0,0,0,0,0,0,0,0,0,0,0,0,0,0,0,0,0,0,0,0,0
"Manhattan","KS","2008","10.8"," 3.1","22.5"," 0.5"," 0.1"," 0.7"," 0.8","15.1",0," 4.2",0," 3.9","13.6","17.5"," 0.4"," 0.3",0,0,0," 0.0"," 3.3"," 1.9",0," 1.3",0,0,0,0,0,0,0,0,0,0,0,0,0,0,0,0,0,0,0,0,0,0,0,0,0,0,0,0,0,0,0,0,0,0,0,0,0,0,0,0,0,0,0,0,0,0,0,0,0,0,0,0,0
"Manhattan","KS","2009","11.6"," 2.2","19.9"," 0.4"," 0.2"," 0.3"," 0.5","16.7",0," 5.6",0,"10.9","12.1"," 9.3"," 0.1"," 0.3",0," 0.1",0,0," 4.0"," 1.0",0," 4.5",0,0,0,0,0,0,0,0,0,0,0,0,0,0,0,0,0,0,0,0,0,0,0,0,0,0,0,0,0,0,0,0,0,0,0,0,0,0,0,0,0,0,0,0,0,0,0,0,0,0," 0.3",0,0
"Manhattan","KS","2010"," 7.1"," 2.4","16.7"," 0.7"," 0.2"," 0.5"," 0.7","25.8",0," 2.2",0,"15.3","11.8"," 6.6"," 0.1"," 1.3",0,0,0,0," 6.3"," 0.4"," 0.0"," 1.8",0,0,0,0,0,0,0,0,0,0," 0.1"," 0.0",0,0,0,0,0,0,0,0,0,0,0,0,0,0,0,0,0,0,0,0,0,0,0,0,0,0,0,0,0,0,0,0,0,0,0,0,0,0,0,0,0
"Manhattan","KS","2011"," 6.9"," 2.3","17.6"," 0.7"," 0.2"," 0.2"," 1.4","21.4",0,"11.7",0,"13.6","10.9"," 4.1"," 0.1"," 0.2",0," 0.0",0,0," 5.3"," 0.5",0," 2.9",0,0,0,0,0,0," 0.0",0,0,0,0,0,0,0,0," 0.0",0,0,0,0,0,0,0,0,0,0,0,0,0,0,0,0,0,0,0,0,0,0,0,0,0,0,0,0,0,0,0,0,0,0,0,0,0
"Manhattan","KS","2012"," 6.8"," 2.5","19.3"," 0.7"," 0.2"," 0.9"," 0.8","27.5",0," 3.0",0,"10.5","11.8"," 8.8"," 1.4"," 0.5",0,0,0," 0.0"," 3.3"," 0.9",0," 0.9",0,0,0," 0.1",0,0,0,0,0,0," 0.1",0,0,0," 0.1",0,0,0,0,0,0,0,0,0,0,0,0,0,0,0,0,0,0,0,0,0,0,0,0,0,0,0,0,0,0,0,0,0,0,0,0,0,0
"Manhattan","KS","2013"," 6.7"," 2.4","17.9"," 0.8"," 0.2"," 1.5"," 0.8","20.5"," 0.9"," 6.6",0,"14.1","11.2"," 8.6"," 0.1"," 0.4",0," 0.2",0,0," 4.0"," 0.3"," 0.0"," 2.6",0,0,0," 0.0",0," 0.0"," 0.1",0,0,0," 0.0"," 0.1"," 0.0"," 0.0",0,0,0,0,0,0,0,0,0,0,0,0,0,0,0,0,0,0,0,0,0,0,0,0,0,0,0,0,0,0,0,0,0,0,0,0,0,0,0
"Lexington","KY","2008","28.5","17.1","10.1","15.4"," 6.2",0," 0.1"," 0.2",0," 0.3",0,"21.0"," 0.2",0,0," 0.5"," 0.0",0,0,0,0," 0.2",0,0,0,0,0,0,0,0,0,0,0," 0.1",0,0,0,0,0,0,0,0,0,0,0,0,0,0,0,0,0,0,0,0,0,0,0,0,0,0,0,0,0,0,0,0,0,0,0,0,0,0,0,0,0,0,0
"Lexington","KY","2009","17.3","13.7"," 3.1","13.0"," 4.4",0,0," 0.0"," 1.3"," 0.1",0,"46.7"," 0.2",0,0," 0.1",0,0,0,0,0,0,0,0,0,0,0,0,0,0,0,0,0,0,0,0,0,0,0,0,0,0,0,0,0,0,0,0,0,0,0,0,0,0,0,0,0,0,0,0,0,0,0,0,0,0,0,0,0,0,0,0,0,0,0,0,0
"Lexington","KY","2010","13.5","14.2"," 2.9","11.4"," 5.2",0," 0.0"," 0.1"," 6.5"," 0.3",0,"45.1"," 0.3"," 0.1",0," 0.1",0,0,0,0,0," 0.0",0,0,0,0,0," 0.0"," 0.0"," 0.0",0,0," 0.0",0,0,0,0,0,0,0,0,0,0,0,0,0,0,0,0,0,0,0,0,0,0,0,0,0,0,0,0,0,0,0,0,0,0,0,0,0,0,0,0,0,0,0,0
"Lexington","KY","2011","15.9","19.9"," 2.1","15.5"," 6.2",0,0,0,0," 0.5",0,"39.8",0,0,0," 0.0",0,0,0,0,0,0,0,0,0,0,0," 0.0",0,0,0,0,0,0,0,0,0,0,0,0,0,0,0,0,0,0,0,0,0,0,0,0,0,0,0,0,0,0,0,0,0,0,0,0,0,0,0,0,0,0,0,0,0,0,0,0,0
"Lexington","KY","2012","17.1","18.5"," 2.1","15.8"," 6.2",0,0,0,0," 0.8",0,"39.5"," 0.0",0,0," 0.0",0,0,0,0,0,0,0,0,0,0,0,0,0,0,0,0,0,0,0,0,0,0,0,0,0,0,0,0,0,0,0,0,0,0,0,0,0,0,0,0,0,0,0,0,0,0,0,0,0,0,0,0,0,0,0,0,0,0,0,0,0
"Lexington","KY","2013","16.7","19.1"," 2.1","15.5"," 6.1",0,0,0," 1.9"," 0.1",0,"38.2"," 0.0",0,0," 0.1"," 0.0",0,0,0,0,0,0,0,0,0,0,0,0,0,0,0,0,0,0,0,0,0,0,0,0,0,0,0,0,0,0,0,0,0,0,0,0,0,0,0,0,0,0,0,0,0,0,0,0,0,0,0,0,0,0,0,0,0,0,0,0
"Princeton","KY","2008","18.2"," 0.8","32.4"," 0.9"," 1.0",0,0," 2.5",0,"17.1",0,"24.4",0," 0.1",0,0," 0.1",0,0,0,0," 2.3",0,0,0,0,0," 0.1",0,0,0,0,0,0,0,0,0,0,0,0,0,0,0,0,0,0,0,0,0,0,0,0,0,0,0,0,0,0,0,0,0,0,0,0,0,0,0,0,0,0,0,0,0,0,0,0,0
"Princeton","KY","2009","12.8"," 1.2","26.9"," 0.8"," 0.9",0,0," 2.5","12.5"," 6.3",0,"26.4",0,0,0,0,0,0,0,0,0," 9.5",0,0,0,0,0," 0.5",0,0,0,0,0,0,0,0,0,0,0,0,0,0,0,0,0,0,0,0,0,0,0,0,0,0,0,0,0,0,0,0,0,0,0,0,0,0,0,0,0,0,0,0,0,0,0,0,0
"Princeton","KY","2010"," 8.8"," 1.6","24.6"," 0.8"," 1.1",0," 0.0"," 9.9"," 7.3","12.6",0,"31.3",0," 0.1"," 0.0",0,0,0,0,0,0," 1.2",0,0,0,0,0," 0.8",0,0,0,0,0,0,0,0,0,0,0,0,0,0,0,0,0,0,0,0,0,0,0,0,0,0,0,0,0,0,0,0,0,0,0,0,0,0,0,0,0,0,0,0,0,0,0," 0.0",0
"Princeton","KY","2011"," 9.3"," 1.6","25.9"," 0.7"," 1.2",0," 0.0"," 1.9",0," 9.3",0,"37.9",0,0,0,0,0,0,0,0,0,"11.6",0,0,0,0,0," 0.6",0,0,0,0,0,0,0,0,0,0,0,0,0,0,0,0,0,0,0,0,0,0,0,0,0,0,0,0,0,0,0,0,0,0,0,0,0,0,0,0,0,0,0,0,0,0,0,0,0
"Princeton","KY","2012"," 9.5"," 1.6","25.7"," 0.7"," 1.2",0," 0.0"," 9.2",0,"15.0",0,"35.4",0,0,0,0,0,0,0,0,0," 1.1",0,0,0,0,0," 0.6",0,0,0,0," 0.0",0,0,0,0,0,0,0,0,0,0,0,0,0,0,0,0,0,0,0,0,0,0,0,0,0,0,0,0,0,0,0,0,0,0,0,0,0,0,0,0,0,0,0,0
"Princeton","KY","2013"," 9.4"," 1.6","25.8"," 0.6"," 1.2",0,0," 1.8"," 5.2"," 8.5",0,"31.0",0,0,0," 0.0",0,0,0,0,0,"14.2",0," 0.0",0,0,0," 0.6",0,0," 0.0"," 0.1",0,0,0,0,0,0,0,0,0,0,0,0,0,0,0,0,0,0,0,0,0,0,0,0,0,0,0,0,0,0,0,0,0,0,0,0,0,0,0,0,0,0,0,0,0
"Columbia","MO","2008"," 9.9","23.4","22.7","26.2","13.7",0,0," 0.0",0,0,0," 3.3"," 0.4",0,0," 0.2",0,0,0,0," 0.3",0,0,0,0,0,0,0,0,0,0,0,0,0,0,0,0,0,0,0,0,0,0,0,0,0,0,0,0,0,0,0,0,0,0,0,0,0,0,0,0,0,0,0,0,0,0,0,0,0,0,0,0,0,0,0,0
"Columbia","MO","2009"," 9.8","23.1","22.4","28.4","12.0",0,0," 0.1",0,0,0," 3.2"," 0.2"," 0.1",0," 0.2",0,0,0," 0.1"," 0.4"," 0.0",0,0,0,0,0,0,0,0,0,0,0,0,0,0,0,0,0,0,0,0,0,0,0,0,0,0,0,0,0,0,0,0,0,0,0,0,0,0,0,0,0,0,0,0,0,0,0,0,0,0,0,0,0,0,0
"Columbia","MO","2010"," 8.3","21.4","25.4","26.6","12.9",0,0," 0.2",0," 0.1",0," 4.1"," 0.3"," 0.0",0," 0.3",0,0,0," 0.1"," 0.3",0,0,0,0,0,0," 0.0",0," 0.0",0,0,0,0,0,0,0,0,0,0,0,0,0,0,0,0,0,0,0,0,0,0,0,0,0,0,0,0,0,0,0,0,0,0,0,0,0,0,0,0,0,0,0,0,0,0,0
"Columbia","MO","2011","10.0","21.9","24.6","25.0","15.3",0,0," 0.0",0,0,0," 2.6"," 0.3",0,0," 0.0",0,0,0," 0.1"," 0.1",0,0,0,0,0,0," 0.0",0,0,0,0,0,0,0,0,0,0,0,0,0,0,0,0,0,0,0,0,0,0,0,0,0,0,0,0,0,0,0,0,0,0,0,0,0,0,0,0,0,0,0,0,0,0,0,0,0
"Columbia","MO","2012","10.1","22.0","24.5","25.9","14.2",0,0," 0.0"," 0.1"," 0.0",0," 2.6"," 0.4",0,0," 0.0",0,0,0," 0.1"," 0.1",0,0,0,0,0,0," 0.1",0,0,0,0,0,0,0,0,0,0,0,0,0,0,0,0,0,0,0,0,0,0,0,0,0,0,0,0,0,0,0,0,0,0,0,0,0,0,0,0,0,0,0,0,0,0,0,0,0
"Columbia","MO","2013"," 9.9","21.0","24.8","27.0","14.3",0,0," 0.0"," 0.1",0,0," 2.5"," 0.3",0,0," 0.0",0,0,0,0," 0.1",0,0,0,0,0,0,0,0,0,0,0,0,0,0,0,0,0,0,0,0,0,0,0,0,0,0,0,0,0,0,0,0,0,0,0,0,0,0,0,0,0,0,0,0,0,0,0,0,0,0,0,0,0,0,0,0
"Portageville","MO","2008","14.7"," 3.7"," 0.4"," 1.5"," 0.3",0,0,"19.8",0," 3.2",0," 0.4",0," 0.3",0,0,0,0,0,0," 6.8","34.9","14.0"," 0.0",0,0,0,0,0,0,0,0,0,0,0,0,0,0,0,0,0,0,0,0,0,0,0,0,0,0,0,0,0,0,0,0,0,0,0,0,0,0,0,0,0,0,0,0,0,0,0,0,0,0,0,0,0
"Portageville","MO","2009","14.5"," 3.9"," 0.4"," 1.3"," 0.3",0,0,"42.3",0," 6.3",0," 0.4",0," 0.0",0,0,0,0,0," 0.0"," 4.6","13.1","12.9",0,0,0,0,0,0,0,0,0,0,0,0,0,0,0,0,0,0,0,0,0,0,0,0,0,0,0,0,0,0,0,0,0,0,0,0,0,0,0,0,0,0,0,0,0,0,0,0,0,0,0,0,0,0
"Portageville","MO","2010","11.8"," 3.7"," 0.2"," 1.2"," 0.5"," 0.0",0,"57.9",0," 4.5",0," 0.6",0," 0.1",0,0,0,0,0,0," 4.8"," 1.8","12.5",0," 0.5"," 0.0",0,0," 0.0",0,0,0,0,0,0,0,0,0,0,0,0,0,0,0,0,0,0,0,0,0,0,0,0,0,0,0,0,0,0,0,0,0,0,0,0,0,0,0,0,0,0,0,0,0,0,0,0
"Portageville","MO","2011","12.3"," 3.5"," 0.2"," 1.3"," 0.3"," 0.5",0,"38.5",0,"14.0",0," 0.7"," 0.3"," 0.0",0,0,0,0,0,0," 5.5"," 5.6","17.0"," 0.0"," 0.1"," 0.0"," 0.1",0,0,0,0,0,0,0,0,0,0,0,0,0,0,0,0,0,0,0,0,0,0,0,0,0,0,0,0,0,0,0,0,0,0,0,0,0,0,0,0,0,0,0,0,0,0,0,0,0,0
"Portageville","MO","2012","12.0"," 3.5"," 0.3"," 1.4"," 0.3"," 0.0",0,"42.1",0," 6.2",0," 0.2"," 0.2",0,0,0,0,0,0,0," 4.9","10.8","17.0"," 0.3"," 0.5",0," 0.1",0,0,0,0,0,0,0,0,0,0,0,0,0,0,0,0,0,0,0,0,0,0,0,0,0,0,0,0,0,0,0,0,0,0,0,0,0,0,0,0,0,0,0,0,0,0,0,0,0,0
"Portageville","MO","2013","11.7"," 3.1"," 0.3"," 1.6"," 0.4"," 0.7",0,"32.8"," 0.2","18.0",0," 1.4"," 0.1"," 3.6"," 0.1",0,0,0,0,0," 4.5"," 6.0","15.0"," 0.0"," 0.4"," 0.1",0,0,0,0,0,0,0,0,0,0,0,0,0,0,0,0,0,0,0,0,0,0,0,0,0,0,0,0,0,0,0,0,0,0,0,0,0,0,0,0,0,0,0,0,0,0,0,0,0,0," 0.1"
"Brookings","SD","2008","27.1","35.6"," 0.6","18.0"," 9.9",0," 0.0"," 0.3",0," 0.3"," 0.4"," 7.2"," 0.0"," 0.0"," 0.1"," 0.2",0,0,0,0," 0.0",0,0,0,0,0,0,0,0,0,0,0,0,0,0,0,0,0,0,0,0,0,0,0,0,0,0,0,0,0,0,0,0,0,0,0,0,0,0,0,0,0,0,0,0,0,0,0,0,0,0,0,0,0,0,0,0
"Brookings","SD","2009","28.7","33.1"," 0.5","19.1"," 9.2",0," 0.0"," 0.1"," 0.3",0," 0.1"," 7.5"," 0.1"," 0.5"," 0.3"," 0.3",0,0,0," 0.0",0,0,0,0,0,0,0,0,0,0,0,0,0,0,0,0,0,0,0,0,0,0,0,0,0,0,0,0,0,0,0,0,0,0,0,0,0,0,0,0,0,0,0,0,0,0,0,0,0,0,0,0,0,0,0,0,0
"Brookings","SD","2010","30.2","31.2"," 0.4","17.6","10.5"," 0.2"," 0.2"," 0.9"," 0.8"," 0.6"," 0.0"," 6.8"," 0.0"," 0.1"," 0.1"," 0.2"," 0.0"," 0.0"," 0.0",0,0,0,0,0,0,0,0,0,0,0,0,0,0,0,0,0,0,0,0,0,0,0,0,0,0,0,0,0,0,0,0,0,0,0,0,0,0,0,0,0,0,0,0,0,0,0,0,0,0,0,0,0,0,0,0,0,0
"Brookings","SD","2011","39.0","30.6"," 0.2","18.9","10.6"," 0.1",0," 0.0"," 0.0"," 0.7",0," 0.0",0,0,0,0,0,0,0,0,0,0,0,0,0,0,0,0,0,0,0,0,0,0,0,0,0,0,0,0,0,0,0,0,0,0,0,0,0,0,0,0,0,0,0,0,0,0,0,0,0,0,0,0,0,0,0,0,0,0,0,0,0,0,0,0,0
"Brookings","SD","2012","38.0","32.3"," 0.2","18.9","10.5"," 0.0"," 0.0",0,0,0,0," 0.0",0,0,0,0,0,0,0,0,0,0,0,0,0,0,0,0,0,0,0,0,0,0,0,0,0,0,0,0,0,0,0,0,0,0,0,0,0,0,0,0,0,0,0,0,0,0,0,0,0,0,0,0,0,0,0,0,0,0,0,0,0,0,0,0,0
"Brookings","SD","2013","38.8","31.6"," 0.2","18.6","10.4"," 0.2"," 0.1"," 0.0"," 0.1"," 0.0"," 0.0",0,0,0,0,0,0,0,0,0,0,0,0,0,0,0,0,0,0,0,0,0,0,0,0,0,0,0,0,0,0,0,0,0,0,0,0,0,0,0,0,0,0,0,0,0,0,0,0,0,0,0,0,0,0,0,0,0,0,0,0,0,0,0,0,0,0
